Zipcode,Estimated Total,"Car, truck, or van: Drove alone","Car, truck, or van: Carpooled",Public Transportation
6390,150,130,0,0
10001,11442,589,223,6090
10002,33546,2516,1457,19077
10003,29696,1320,218,18884
10004,1735,124,12,898
10005,3586,165,0,2312
10006,1917,35,26,1204
10007,3144,136,26,2009
10009,30778,1778,269,18847
10010,15894,971,375,8730
10011,31053,1972,264,17505
10012,14054,903,103,8008
10013,12105,652,299,6545
10014,19265,1009,387,11196
10016,34336,2008,391,14810
10017,10278,333,242,3480
10018,3224,137,75,1436
10019,24800,1402,305,11382
10021,21994,2173,699,11505
10022,16248,1485,218,6706
10023,31134,2336,374,20153
10024,31704,2382,401,23032
10025,42784,2864,603,31434
10026,14513,1250,304,11243
10027,22566,1830,332,15201
10028,25986,2270,569,16575
10029,30043,2063,446,21407
10030,11208,1199,492,8228
10031,25912,1750,829,20693
10032,25241,2402,964,17515
10033,24756,2449,1522,16593
10034,18628,2091,1252,12865
10035,11282,795,204,8710
10036,13540,609,91,6577
10037,7086,894,117,5051
10038,9683,498,24,5329
10039,8691,791,346,6651
10040,17689,1735,1007,12719
10044,4904,289,66,3850
10065,17320,996,294,7677
10069,2809,316,152,1544
10075,13178,1028,259,8689
10110,2,0,0,1
10128,32401,2829,633,22839
10162,753,88,0,317
10280,4980,372,0,2551
10282,2392,176,0,1520
10301,16021,6890,1163,6551
10302,6743,3575,341,2298
10303,9810,5003,776,3598
10304,17455,7901,1053,7689
10305,16566,8159,1770,5843
10306,24307,13604,2038,7744
10307,6256,4596,457,1090
10308,12860,7941,1531,3253
10309,13589,8822,1234,3319
10310,9992,5054,877,3535
10312,27516,18060,2768,6322
10314,37527,22232,3877,10273
10451,14784,1995,521,10087
10452,26869,4139,1463,18122
10453,27178,4175,2073,17664
10454,12166,1723,401,8183
10455,11974,2387,319,8137
10456,27809,3829,860,19911
10457,22041,3473,1382,14254
10458,25455,3781,1213,16436
10459,14157,2612,536,9747
10460,19219,3961,838,12528
10461,21668,7983,1887,9468
10462,31980,7661,1666,19691
10463,28807,7258,2375,16329
10464,2368,1577,142,475
10465,18675,10662,1866,5419
10466,29991,10215,1799,15669
10467,37144,9000,1440,23091
10468,27976,3621,1220,19735
10469,28988,12162,2411,13353
10470,6687,2819,372,2987
10471,9558,4171,751,3943
10472,23676,4552,1015,16278
10473,22252,7449,2229,11351
10474,3404,544,144,2211
10475,17215,6168,1087,8505
10501,518,410,34,52
10502,2309,1567,290,346
10503,85,47,0,38
10504,2960,2237,163,546
10505,299,178,96,25
10506,2114,1481,164,363
10507,2516,1582,159,583
10509,9806,7775,944,820
10510,4102,2432,318,1057
10511,1178,909,217,49
10512,11517,9361,971,1085
10514,4779,2741,165,1706
10516,2233,1553,131,406
10517,252,171,73,8
10518,630,477,11,101
10519,76,51,0,24
10520,6149,3944,462,1519
10522,4684,2936,314,1081
10523,3756,2675,393,483
10524,1893,1163,217,440
10526,905,713,50,124
10527,505,469,9,18
10528,6117,4084,267,1530
10530,5791,3887,254,1473
10532,2483,1988,124,371
10533,2906,1849,84,919
10535,422,341,13,0
10536,3851,2787,98,774
10537,1068,855,88,116
10538,6966,3165,425,2899
10541,13351,11328,1054,607
10543,8915,5808,334,2124
10545,31,10,0,0
10546,685,515,54,116
10547,3474,2765,385,237
10548,1509,1160,92,257
10549,7093,4579,655,985
10550,15499,9346,1196,2825
10552,9744,6548,532,2271
10553,4657,3258,262,734
10560,2092,1686,91,202
10562,15098,10201,1887,2011
10566,11524,7136,1806,1685
10567,8728,6540,811,1251
10570,5830,3953,203,1269
10573,18841,11051,1002,3384
10576,2083,1468,156,342
10577,1752,750,124,258
10578,224,142,0,82
10579,4034,3326,390,192
10580,5883,3377,167,2071
10583,15226,8936,877,5141
10588,861,810,51,0
10589,3093,2427,286,316
10590,2922,2242,270,357
10591,10920,6280,1253,2136
10594,2382,1861,172,187
10595,2578,1955,206,362
10596,413,330,26,0
10597,336,235,23,78
10598,12568,10206,1272,887
10601,5328,2823,241,1209
10603,9585,6415,968,1543
10604,5819,3944,285,882
10605,8804,6048,518,1509
10606,7012,3570,503,1884
10607,3730,2586,280,778
10701,27908,13672,2934,8675
10703,8392,5261,914,1541
10704,13884,9053,1421,2751
10705,16680,8517,1886,5142
10706,4027,2536,194,1216
10707,4755,2760,175,1392
10708,10073,5311,630,3546
10709,4097,3227,228,631
10710,12152,8699,1255,1988
10801,17616,9691,1733,3133
10803,5475,3380,470,1445
10804,6215,4006,271,1776
10805,8431,5502,535,1571
10901,10916,8360,1133,1044
10913,2253,1753,373,84
10914,125,109,0,0
10915,85,19,53,0
10916,2090,1651,177,248
10917,1095,767,186,51
10918,5349,4407,497,275
10919,521,491,17,13
10920,4016,3569,239,189
10921,1973,1455,236,86
10922,530,413,64,53
10923,4276,3587,365,265
10924,5024,4133,586,238
10925,1931,1566,269,96
10926,1777,1313,210,140
10927,5132,3186,548,935
10928,1780,1413,72,47
10930,4081,3342,324,365
10931,554,408,104,22
10932,71,47,24,0
10933,16,16,0,0
10940,22106,15733,3666,992
10941,6675,5386,777,260
10950,16658,11165,2355,1687
10952,11682,7323,1966,1048
10953,73,73,0,0
10954,10649,8687,1046,716
10956,13979,11531,1155,968
10958,1370,1098,191,50
10960,7380,5235,583,842
10962,1962,1505,167,197
10963,1023,861,123,12
10964,494,410,50,17
10965,6350,5212,295,541
10968,985,902,0,72
10969,949,510,31,50
10970,4758,3960,453,289
10973,969,923,46,0
10974,1515,1272,149,91
10975,255,225,26,4
10976,810,634,50,28
10977,23901,14293,3332,3600
10979,121,91,30,0
10980,6282,5476,485,209
10983,2524,2274,138,89
10984,1597,1268,219,93
10985,39,0,39,0
10986,1003,939,64,0
10987,1439,1047,76,286
10988,327,302,11,5
10989,4654,3570,599,370
10990,9293,8000,698,385
10992,4780,3844,641,226
10993,2066,1628,219,121
10994,3216,2718,286,134
10996,2830,745,126,11
10998,1467,1163,234,49
11001,13081,8821,726,3013
11003,21156,14344,1864,4155
11004,6615,3851,627,1687
11005,410,332,68,0
11010,11275,9084,642,1193
11020,2609,1785,203,483
11021,7974,4939,396,2203
11023,3351,2021,312,882
11024,2906,1831,214,667
11030,6681,4004,298,2137
11040,17541,12616,1346,3174
11050,13224,8286,660,3430
11096,3734,2460,287,681
11101,10374,1664,330,7664
11102,17103,2753,547,11951
11103,20034,3230,751,14104
11104,14589,1632,631,10794
11105,19162,3838,748,12922
11106,17858,2776,737,12396
11109,1884,347,51,1468
11201,25483,2167,613,18375
11203,34663,8618,1575,22042
11204,29681,6534,2349,16150
11205,15076,1801,374,9934
11206,27294,3386,1046,18858
11207,32326,6768,1450,21589
11208,34435,7345,1506,24002
11209,32182,8078,2213,18588
11210,26960,9557,1293,14579
11211,37746,3990,1310,23984
11212,27487,5406,713,19497
11213,23078,3349,623,16509
11214,30693,6093,2652,19436
11215,36261,3821,817,27319
11216,23568,3427,547,17682
11217,20553,1418,361,16060
11218,31897,5214,2030,20563
11219,31702,6412,2996,14713
11220,42341,6181,3494,25474
11221,29327,4770,706,20748
11222,18799,2379,622,12873
11223,27002,6232,2497,15353
11224,14929,2923,1003,9285
11225,25826,4366,528,18724
11226,44325,6629,1257,33230
11228,17080,5263,1943,8569
11229,32096,9395,2374,17243
11230,31896,8545,1843,17891
11231,16885,1921,413,11481
11232,11385,1446,526,7617
11233,24979,6018,783,16931
11234,42194,18968,3188,18002
11235,29123,7464,2484,15163
11236,43863,15840,3133,22947
11237,22191,2163,898,14821
11238,26577,2837,566,20754
11239,4076,992,204,2577
11354,24520,7593,3457,10719
11355,37590,8964,4387,19269
11356,10033,4552,780,3775
11357,17098,10604,1472,4543
11358,17402,8426,2366,5924
11360,9203,5566,783,2479
11361,13403,7120,1161,4617
11362,7951,4882,933,1862
11363,3506,2055,362,989
11364,15931,8797,1909,4546
11365,17161,8050,2004,6438
11366,6368,2804,609,2785
11367,15297,6450,977,6968
11368,49094,8133,3609,31890
11369,18083,4843,1437,10105
11370,12747,3863,682,6886
11372,32164,4238,1199,23786
11373,45340,6360,2153,33535
11374,20505,4803,1476,12470
11375,33451,7653,1934,21288
11377,43216,7151,2130,30653
11378,15432,6381,1368,6529
11379,16080,7539,981,6689
11385,44173,11788,2209,26438
11411,9667,5021,626,3688
11412,16966,7728,846,7815
11413,18376,9225,1519,7222
11414,12171,7125,1333,3214
11415,9137,2740,808,4885
11416,9932,2902,579,5613
11417,12874,5144,815,6209
11418,16508,4580,1225,8994
11419,21773,6735,1636,11834
11420,21558,8394,2229,10355
11421,17183,5555,1166,9533
11422,15114,7785,927,5830
11423,13766,4819,1501,6774
11426,8723,5714,651,2193
11427,11693,6439,973,3862
11428,10502,5102,1359,3554
11429,12828,6101,760,5470
11430,31,0,0,31
11432,25155,7139,1285,14272
11433,11026,4002,824,5378
11434,25648,11461,1415,11617
11435,23839,7182,885,14421
11436,7193,3353,621,2926
11501,10172,7017,636,1846
11507,3001,2123,275,538
11509,971,603,56,249
11510,15677,11481,1090,2525
11514,2376,1828,170,254
11516,2606,1898,169,380
11518,5195,3709,254,1004
11520,20966,13701,2395,3608
11530,11278,7946,615,2367
11542,12430,9215,1138,979
11545,5117,3927,279,715
11547,265,211,20,17
11548,887,452,127,70
11549,988,237,27,33
11550,25970,14291,3530,6069
11552,10773,7715,1026,1728
11553,12435,8539,1598,1754
11554,16625,12938,1515,1732
11557,3409,2589,230,454
11558,4090,2776,464,812
11559,3072,2150,208,607
11560,2761,2054,120,486
11561,19261,12297,1655,3960
11563,10487,7644,439,2045
11565,4392,3310,281,788
11566,16343,12269,1105,2806
11568,1604,1078,173,142
11569,789,493,80,147
11570,12253,7928,820,3113
11572,13381,9981,902,2108
11575,6910,4367,1046,1190
11576,5007,3881,368,698
11577,5225,4036,254,802
11579,2440,1674,161,380
11580,19270,13665,1627,3293
11581,8912,6248,503,1749
11590,20900,15957,1630,2701
11596,4927,3711,403,632
11598,5616,3741,246,1343
11691,20871,7250,1634,9455
11692,6378,2420,428,2872
11693,4299,1997,339,1701
11694,8768,4678,964,2526
11697,1568,960,173,344
11701,12402,8891,1628,1265
11702,7550,6042,350,888
11703,7813,6363,600,748
11704,19429,16487,1155,1384
11705,3666,3079,311,227
11706,30496,23983,3102,2068
11709,3027,2524,154,283
11710,16250,12482,993,2226
11713,4737,3894,356,361
11714,10345,8238,622,1425
11715,2336,2017,229,78
11716,5103,4378,409,248
11717,26886,18933,4654,1726
11718,1519,1213,77,164
11719,1121,949,83,81
11720,15389,13386,1385,471
11721,2726,2212,143,345
11722,17253,12785,2833,676
11724,1208,967,20,183
11725,12642,10637,906,1002
11726,9015,6320,1364,792
11727,15385,13291,1353,650
11729,13167,10760,1028,1158
11730,6262,5450,398,341
11731,13615,11441,685,1185
11732,1496,1280,54,157
11733,8134,6735,544,524
11735,15521,12152,1241,1599
11738,8608,7103,907,380
11739,910,774,91,45
11740,3679,2702,350,526
11741,13810,11870,1099,724
11742,6147,5207,615,294
11743,19410,16065,575,2337
11746,31125,25139,2053,3116
11747,8096,6714,411,892
11749,1776,1467,165,121
11751,6689,5484,420,605
11752,4952,3995,544,232
11753,5376,3909,425,994
11754,8641,7396,357,684
11755,5683,4913,354,339
11756,21593,17664,1486,2202
11757,21817,17844,1701,1714
11758,25601,20037,1553,3616
11762,10060,7915,646,1341
11763,13946,11561,1580,592
11764,6200,5309,489,331
11765,218,184,11,23
11766,5077,4289,475,313
11767,6739,6134,292,265
11768,9138,7339,654,982
11769,4051,3420,184,366
11770,123,36,0,16
11771,4154,3452,149,198
11772,20942,17995,1346,1039
11776,11070,9480,962,467
11777,4202,3494,463,132
11778,5912,5158,581,121
11779,18638,16090,1534,816
11780,6012,5128,355,350
11782,6838,6163,280,253
11783,10303,8247,734,1144
11784,12214,10401,1184,462
11786,2931,2611,239,52
11787,16315,14072,1148,876
11788,7585,6468,570,429
11789,3892,3434,182,190
11790,7362,5669,506,441
11791,10938,7853,814,2020
11792,4373,4035,250,58
11793,15527,12673,893,1725
11794,803,157,71,129
11795,11679,9976,714,831
11796,1682,1441,85,132
11797,3465,2686,208,512
11798,5919,4435,653,757
11801,18437,14433,1479,1991
11803,12902,9847,989,1837
11804,2170,1692,87,360
11901,11049,8600,1446,469
11930,455,346,34,20
11931,16,16,0,0
11932,335,272,6,43
11933,2887,2461,261,36
11934,3557,3159,308,59
11935,1432,1281,95,31
11937,6926,5535,782,306
11939,492,382,98,0
11940,2276,1825,334,77
11941,634,488,92,10
11942,2163,1866,235,47
11944,1591,1021,96,138
11946,6836,5515,740,233
11947,30,30,0,0
11948,381,279,65,20
11949,6485,5679,676,53
11950,7699,6375,842,146
11951,6383,5101,812,314
11952,2068,1858,99,94
11953,5863,5318,330,169
11954,1572,999,199,205
11955,1677,1405,222,0
11956,90,90,0,0
11957,254,206,22,22
11958,137,119,18,0
11959,286,244,7,35
11960,460,413,0,15
11961,4599,3883,495,188
11962,86,60,0,3
11963,3085,2484,252,250
11964,838,551,45,79
11965,270,188,13,66
11967,13017,11575,1022,277
11968,5263,3986,577,390
11970,546,490,40,16
11971,2333,2037,233,27
11972,382,361,14,0
11975,86,69,3,10
11976,799,500,124,100
11977,1124,979,47,12
11978,1218,1005,100,67
11980,2119,1913,164,35
12007,36,36,0,0
12008,151,140,0,0
12009,3519,3085,309,61
12010,12505,10152,1532,192
12015,1441,1236,142,10
12017,191,160,13,0
12018,3925,3406,365,57
12019,7400,6593,640,100
12020,15341,13148,1444,225
12022,368,283,46,0
12023,1093,933,124,0
12024,13,13,0,0
12025,2589,2271,238,23
12027,1714,1489,95,25
12028,563,563,0,0
12029,496,425,41,3
12031,55,49,6,0
12032,366,344,12,0
12033,3833,3372,297,12
12035,294,222,56,0
12036,71,66,5,0
12037,1935,1633,150,27
12040,34,29,5,0
12041,237,202,26,0
12042,229,229,0,0
12043,3433,2513,254,139
12045,298,261,3,0
12046,472,392,70,0
12047,9481,8002,1057,134
12051,2256,1945,205,0
12052,754,624,116,2
12053,2252,2042,157,20
12054,8289,7277,667,200
12056,968,820,95,0
12057,945,805,123,5
12058,634,502,77,0
12059,838,745,84,9
12060,624,511,65,33
12061,4876,4336,423,64
12062,716,634,67,0
12063,236,209,14,13
12064,240,166,27,7
12065,20446,18594,1486,122
12066,1226,1022,175,0
12067,626,545,63,0
12068,1478,1362,49,0
12069,111,98,13,0
12070,814,679,76,0
12071,92,74,18,0
12072,1108,918,95,19
12074,1450,1292,133,0
12075,1347,1149,125,62
12076,620,515,90,9
12077,2734,2360,106,99
12078,9191,7806,1024,67
12083,1583,1317,195,0
12084,2436,2213,161,52
12085,203,174,0,0
12086,602,500,63,32
12087,563,514,34,0
12089,34,34,0,0
12090,2808,2251,339,7
12092,489,431,29,5
12093,705,623,58,16
12094,861,768,78,5
12095,4790,3860,549,3
12106,997,865,67,14
12108,138,125,0,0
12110,10191,9098,642,91
12115,54,54,0,0
12116,722,625,94,0
12117,1551,1408,115,1
12118,6942,6147,523,4
12120,297,241,50,6
12121,953,906,18,0
12122,2238,1901,147,24
12123,2314,2134,151,0
12124,310,278,0,0
12125,659,540,72,0
12130,617,462,112,0
12131,10,10,0,0
12132,170,134,36,0
12134,1486,1229,154,10
12136,287,234,0,9
12137,918,724,148,0
12138,1469,1340,104,11
12139,63,52,4,0
12140,800,731,39,2
12143,2517,2010,403,11
12144,10432,8775,854,424
12147,201,159,28,0
12148,2060,1825,175,1
12149,917,754,149,6
12150,380,380,0,0
12151,321,299,3,9
12153,503,442,59,0
12154,1286,1150,108,3
12155,1017,858,119,8
12156,380,369,0,11
12157,1955,1597,261,18
12158,3194,2791,263,20
12159,3945,3495,339,13
12160,406,368,29,0
12161,208,172,36,0
12164,165,136,8,0
12165,79,71,7,1
12166,535,466,54,0
12167,868,704,80,3
12168,1055,905,122,0
12169,63,63,0,0
12170,2251,1972,237,0
12172,54,54,0,0
12173,876,768,86,9
12174,198,179,19,0
12175,249,225,24,0
12176,124,120,4,0
12177,272,272,0,0
12180,24677,18090,2472,1609
12182,6103,4944,624,258
12183,1303,1083,105,15
12184,2960,2590,241,33
12185,1180,1037,110,4
12186,3071,2843,135,7
12187,184,177,4,0
12188,5700,4908,570,91
12189,8993,7600,543,401
12190,310,269,27,0
12192,732,610,94,0
12193,916,831,40,0
12194,33,29,4,0
12195,132,104,8,0
12196,1835,1694,100,15
12197,1077,899,143,7
12198,3932,3655,277,0
12202,3940,2319,357,739
12203,13668,10364,1315,1109
12204,3748,2981,197,380
12205,14419,12118,1685,343
12206,5846,3036,438,1438
12207,504,116,75,204
12208,11437,8012,1234,935
12209,5423,3957,649,602
12210,4899,2524,173,865
12211,4940,4387,355,23
12222,1100,352,23,214
12302,12717,11535,857,47
12303,14227,12219,1235,255
12304,9122,7527,587,571
12305,1840,1201,67,165
12306,13519,11877,1269,136
12307,2127,1531,108,293
12308,6493,4792,515,368
12309,14514,13066,1043,117
12401,15802,12899,1458,357
12404,1328,1025,186,52
12405,167,110,6,0
12406,257,213,26,0
12407,57,52,5,0
12409,190,154,9,6
12410,241,225,11,0
12411,217,205,12,0
12412,293,275,0,0
12413,1127,855,86,22
12414,4082,3265,421,44
12416,109,109,0,0
12417,256,256,0,0
12418,130,100,8,0
12419,364,299,49,0
12420,297,286,0,11
12421,213,208,5,0
12422,78,64,14,0
12423,349,241,82,0
12424,120,105,15,0
12427,80,73,0,7
12428,2201,1669,374,51
12429,223,207,16,0
12430,443,336,65,16
12431,526,485,5,0
12432,187,187,0,0
12433,283,229,30,0
12434,202,162,31,0
12435,189,162,27,0
12436,327,327,0,0
12438,18,18,0,0
12439,48,33,15,0
12440,1029,943,68,0
12441,9,9,0,0
12442,360,302,9,0
12443,1770,1661,108,0
12444,163,84,29,4
12446,1997,1713,177,66
12448,215,215,0,0
12449,1168,1065,58,10
12450,52,40,12,0
12451,648,555,54,0
12452,112,68,16,4
12453,143,126,0,0
12454,120,105,0,0
12455,762,578,104,14
12456,419,394,25,0
12457,257,215,15,27
12458,889,782,107,0
12459,57,57,0,0
12460,143,105,0,0
12461,994,717,97,94
12463,656,573,72,0
12464,331,216,83,12
12465,134,102,13,0
12466,1246,965,211,24
12468,278,238,27,2
12469,206,162,33,6
12470,449,437,12,0
12471,143,143,0,0
12472,754,592,146,0
12473,459,420,25,14
12474,533,437,40,2
12475,173,173,0,0
12477,9026,7631,767,257
12480,219,209,4,6
12481,476,451,14,11
12482,271,271,0,0
12483,245,188,42,15
12484,1443,1127,231,77
12485,261,204,12,0
12486,706,641,53,12
12487,1578,1235,111,27
12489,109,90,0,19
12490,20,20,0,0
12491,887,758,113,0
12492,138,134,4,0
12493,177,172,5,0
12494,456,426,0,0
12495,174,130,0,0
12496,578,472,21,0
12498,2169,1659,161,107
12501,1195,901,186,0
12502,632,532,30,60
12503,288,240,31,7
12504,457,135,0,8
12507,76,55,0,0
12508,8840,7141,703,689
12512,85,85,0,0
12513,360,360,0,0
12514,1256,1072,51,41
12515,640,533,10,19
12516,615,560,24,31
12517,208,145,42,0
12518,2573,2326,131,43
12520,1567,1178,121,154
12521,611,555,35,10
12522,2288,2056,129,62
12523,934,835,74,12
12524,6780,5582,750,281
12525,1704,1604,45,6
12526,1556,1264,196,34
12527,135,135,0,0
12528,6033,5009,398,253
12529,1339,1004,105,97
12530,92,92,0,0
12531,1303,1089,74,77
12533,11221,9790,995,308
12534,7551,5934,429,257
12538,6347,5377,418,130
12540,3247,2874,186,98
12542,2720,2208,270,168
12543,1426,1159,126,131
12545,1893,1364,126,69
12546,1201,969,127,11
12547,1316,1190,99,19
12548,782,635,146,0
12549,4597,3593,603,223
12550,23023,15498,3688,1285
12553,12348,10040,1144,800
12561,7720,5887,593,166
12563,3224,2461,454,144
12564,3580,2797,246,331
12565,503,460,6,10
12566,5065,4423,400,97
12567,1225,1021,87,32
12569,4263,3739,291,58
12570,3641,3306,170,98
12571,4382,3746,356,125
12572,4033,3240,321,124
12574,107,86,21,0
12575,823,699,15,95
12577,538,484,16,29
12578,1424,1210,152,51
12580,2116,1811,222,49
12581,1079,889,113,35
12582,1950,1719,114,54
12583,1037,795,130,39
12585,382,348,34,0
12586,6455,5271,633,235
12589,6993,6175,474,60
12590,16343,13336,1471,1230
12592,568,510,48,10
12594,1983,1654,125,123
12601,18303,12932,2107,1291
12603,19862,16161,1812,532
12604,160,12,0,13
12701,4105,3183,655,35
12719,532,467,17,23
12720,56,56,0,0
12721,2838,2466,285,54
12722,31,31,0,0
12723,874,691,65,12
12724,87,70,17,0
12725,90,56,4,30
12726,395,330,47,5
12729,954,729,174,34
12732,228,182,12,18
12733,198,114,8,0
12734,278,243,35,0
12736,60,54,0,0
12737,759,611,80,28
12738,253,253,0,0
12740,576,494,10,0
12741,130,113,17,0
12742,101,101,0,0
12743,168,102,43,0
12745,67,43,24,0
12746,253,232,21,0
12747,590,438,79,0
12748,1255,1095,99,10
12749,62,62,0,0
12750,40,40,0,0
12751,328,252,17,11
12752,103,89,14,0
12754,2921,2364,316,60
12758,1950,1567,172,117
12759,357,236,65,0
12760,239,172,29,10
12762,148,148,0,0
12763,442,343,59,0
12764,693,565,72,24
12765,320,320,0,0
12766,110,95,0,0
12767,24,24,0,0
12768,337,245,72,3
12769,78,78,0,0
12770,97,97,0,0
12771,6003,4705,769,153
12775,958,779,95,31
12776,857,692,76,18
12777,432,394,25,10
12778,278,182,96,0
12779,951,559,243,82
12780,907,722,155,30
12781,128,128,0,0
12783,712,435,267,0
12784,6,0,6,0
12785,421,412,9,0
12786,141,126,0,15
12787,151,111,40,0
12788,896,682,202,0
12789,622,479,67,28
12790,2034,1702,280,16
12791,391,391,0,0
12792,192,192,0,0
12801,7339,5749,785,128
12803,3856,3242,514,21
12804,12262,10736,1154,43
12808,125,117,8,0
12809,1771,1528,137,25
12810,258,201,53,0
12811,110,98,12,0
12812,88,62,14,0
12814,861,783,45,0
12815,350,283,49,0
12816,1902,1556,207,0
12817,728,621,24,0
12819,94,81,11,0
12821,104,104,0,0
12822,2684,2226,334,10
12823,19,19,0,0
12824,316,238,53,14
12827,1770,1542,142,8
12828,4438,3747,544,30
12831,8038,7037,844,83
12832,2690,2183,378,5
12833,2056,1751,245,11
12834,3231,2735,366,1
12835,1032,856,156,7
12836,205,189,13,0
12837,381,307,59,1
12838,226,187,39,0
12839,6063,5296,596,34
12841,24,16,4,0
12842,465,387,56,0
12843,223,171,52,0
12844,37,20,12,0
12845,2339,1955,240,12
12846,1631,1470,102,0
12847,265,203,6,2
12849,223,215,8,0
12850,1477,1248,170,42
12851,82,73,7,0
12852,227,160,64,0
12853,499,409,73,0
12855,82,66,12,0
12856,37,37,0,0
12857,178,130,42,0
12858,12,0,7,0
12859,1298,1154,103,14
12860,337,248,15,0
12861,212,193,14,0
12863,247,203,21,0
12864,22,16,6,0
12865,1720,1486,99,0
12866,17251,14110,1365,132
12870,674,590,30,12
12871,1948,1719,124,5
12872,28,28,0,0
12873,298,247,31,12
12874,47,36,4,2
12878,433,355,78,0
12883,2334,1994,146,0
12884,166,153,11,2
12885,1799,1386,312,9
12886,89,69,6,0
12887,2049,1449,515,0
12901,14565,10658,1778,141
12903,435,359,70,0
12910,740,642,92,6
12911,15,15,0,0
12912,1041,840,119,17
12913,490,454,30,0
12914,250,210,40,0
12916,824,678,105,0
12917,489,443,20,0
12918,1037,916,115,0
12919,1237,965,183,23
12920,1110,939,106,21
12921,1002,870,56,9
12922,14,14,0,0
12923,239,168,56,7
12924,60,27,20,0
12926,725,604,83,8
12927,49,49,0,0
12928,821,693,96,13
12929,395,350,10,8
12930,353,257,83,0
12932,543,474,23,0
12934,467,346,105,10
12935,424,323,97,0
12936,267,250,8,0
12937,625,530,69,17
12939,89,71,4,0
12941,436,388,32,0
12942,261,161,50,19
12943,125,110,0,0
12944,1719,1386,199,16
12945,244,195,49,0
12946,2885,2194,91,0
12950,303,244,32,0
12952,147,117,30,0
12953,4758,3769,609,80
12955,132,119,9,4
12956,487,419,68,0
12957,616,558,35,0
12958,953,839,82,16
12959,531,423,87,0
12960,352,327,20,0
12961,58,58,0,0
12962,3225,2947,209,0
12964,90,53,19,0
12965,141,108,22,0
12966,1345,1140,144,17
12967,401,337,50,0
12969,131,110,18,3
12970,269,142,9,12
12972,2882,2287,345,0
12973,47,45,2,0
12974,750,550,123,11
12975,115,103,12,0
12976,45,45,0,0
12978,163,135,0,0
12979,1062,780,170,16
12980,421,329,86,4
12981,893,822,70,0
12983,3670,2844,402,0
12985,427,335,75,0
12986,2588,1986,447,23
12987,91,91,0,0
12989,528,416,99,5
12992,2257,1897,227,23
12993,724,567,41,0
12996,817,698,62,2
12997,500,389,55,1
12998,103,71,32,0
13020,49,43,6,0
13021,18254,15217,1630,361
13026,778,567,49,0
13027,15014,13562,1103,198
13028,557,458,88,0
13029,3368,3050,208,0
13030,1769,1488,268,0
13031,7200,6357,622,87
13032,6400,5748,571,11
13033,2040,1813,144,0
13034,829,740,73,0
13035,3332,2943,242,1
13036,3865,3406,409,11
13037,4088,3583,361,51
13039,8561,8038,405,15
13040,1006,868,105,9
13041,5552,4972,429,10
13042,816,774,19,0
13044,1101,1013,50,20
13045,12759,9874,1449,82
13051,29,29,0,0
13052,703,541,88,0
13053,2159,1567,413,103
13054,650,616,34,0
13057,7207,6394,592,48
13060,1372,1303,43,0
13061,560,485,63,0
13062,77,77,0,0
13063,1069,917,137,0
13064,13,0,13,0
13066,5865,5283,391,7
13068,2666,2218,342,28
13069,10201,8192,1176,143
13071,433,393,37,0
13072,409,288,99,0
13073,2907,2417,408,21
13074,2163,1728,298,19
13076,1252,1125,118,9
13077,3149,2695,340,7
13078,4377,3920,344,20
13080,1794,1467,243,10
13081,582,519,43,0
13082,2072,1888,113,0
13083,668,458,129,0
13084,2039,1921,91,0
13087,82,79,0,0
13088,10777,9414,1009,94
13090,15437,13641,1234,203
13092,1374,1107,205,11
13101,1232,1098,78,19
13102,85,85,0,0
13103,66,66,0,0
13104,7320,6436,475,77
13108,3019,2636,284,28
13110,1191,1062,118,7
13111,506,441,59,0
13112,999,914,37,0
13113,108,94,14,0
13114,2622,2294,216,5
13115,71,61,1,0
13116,1797,1637,68,0
13117,77,47,21,0
13118,2097,1706,291,13
13120,988,891,41,35
13122,319,264,28,0
13123,29,16,13,0
13124,56,51,5,0
13126,15293,12175,1431,114
13131,1460,1285,164,0
13132,2008,1696,238,0
13134,20,20,0,0
13135,3068,2582,365,18
13136,219,178,26,0
13138,15,15,0,0
13140,1774,1475,223,0
13141,249,207,37,0
13142,2523,2291,146,21
13143,1081,822,201,0
13144,553,489,55,0
13145,612,544,44,0
13146,817,658,96,6
13147,708,579,72,10
13148,4986,4283,435,20
13152,3534,2834,334,19
13153,170,170,0,0
13155,314,252,35,0
13156,866,806,11,0
13157,403,367,36,0
13158,802,688,97,0
13159,2573,2226,214,9
13160,951,786,67,0
13162,152,137,0,0
13163,113,101,6,0
13164,1369,1149,212,0
13165,4836,4331,375,15
13166,2851,2479,279,8
13167,1422,1304,100,8
13202,1257,556,101,256
13203,6039,4049,690,552
13204,7482,5304,747,758
13205,6311,4497,705,694
13206,8115,6559,703,416
13207,5470,4107,652,354
13208,9080,6219,1620,472
13209,6153,5435,537,92
13210,10567,4942,1014,1005
13211,3003,2630,250,24
13212,9822,8423,1017,67
13214,2964,2159,257,127
13215,7131,6405,558,72
13219,6882,5856,662,163
13224,4102,2837,425,300
13301,66,55,11,0
13302,711,582,107,0
13303,433,400,16,0
13304,619,571,21,3
13305,71,55,12,0
13308,1628,1483,42,6
13309,2912,2445,253,12
13310,299,261,24,0
13312,106,95,0,2
13313,250,157,70,11
13314,218,192,19,0
13315,730,624,94,6
13316,2990,2594,289,7
13317,1578,1356,175,6
13318,575,473,102,0
13319,612,513,57,19
13320,884,662,171,3
13321,544,505,39,0
13322,560,448,95,0
13323,4752,3873,340,0
13324,976,859,58,4
13325,436,359,50,0
13326,2421,1780,262,22
13327,983,834,110,7
13328,584,553,26,0
13329,1711,1419,207,22
13331,90,90,0,0
13332,1218,1056,121,2
13333,11,6,5,0
13334,479,426,24,0
13335,764,602,62,37
13337,264,187,77,0
13338,439,363,63,0
13339,2766,2320,261,7
13340,3692,3180,387,0
13341,29,29,0,0
13342,88,78,0,0
13343,645,551,86,0
13345,91,71,17,0
13346,2324,1498,95,18
13348,587,485,80,6
13350,3713,3149,206,43
13352,79,79,0,0
13353,28,28,0,0
13354,1450,1220,227,0
13355,294,276,4,0
13357,4537,3914,450,10
13360,196,149,13,0
13361,386,310,46,7
13362,78,75,0,0
13363,1242,1119,98,11
13364,144,74,57,0
13365,3931,3348,378,2
13367,3453,2800,347,24
13368,570,481,71,0
13402,789,656,64,0
13403,2050,1891,77,23
13404,102,93,9,0
13406,345,298,33,3
13407,2158,1833,239,13
13408,1117,653,104,55
13409,1431,1231,158,0
13410,116,98,18,0
13411,1450,1153,226,9
13413,6931,6450,336,33
13415,26,18,8,0
13416,848,735,80,10
13417,1792,1557,209,15
13418,169,141,18,0
13420,555,437,14,10
13421,6298,5172,662,15
13424,1187,1040,70,0
13425,997,809,127,2
13428,528,393,108,0
13431,915,774,78,7
13433,559,412,86,0
13435,100,93,2,0
13436,74,53,4,0
13437,207,191,16,0
13438,1817,1654,85,2
13439,1522,1221,149,57
13440,17616,15160,1443,287
13441,28,28,0,0
13450,84,41,43,0
13452,1867,1585,137,7
13454,314,222,47,5
13456,2204,1907,257,0
13459,988,839,55,2
13460,1842,1558,214,0
13461,1475,1390,65,0
13464,494,401,52,7
13468,210,173,34,0
13469,307,266,35,0
13470,227,188,35,0
13471,1401,1187,166,3
13472,90,90,0,0
13473,333,272,39,9
13476,1379,1204,152,0
13477,910,820,45,0
13478,1419,1368,51,0
13480,1552,1295,184,0
13483,121,99,22,0
13484,92,80,12,0
13485,365,307,42,0
13486,275,275,0,0
13488,89,87,0,0
13489,234,204,18,0
13490,671,613,58,0
13491,1528,1212,202,12
13492,5510,5050,375,56
13493,830,654,132,8
13494,143,132,4,0
13495,910,798,71,2
13501,13091,9952,1879,323
13502,14625,11671,1572,388
13601,17166,13746,2294,249
13602,2150,655,584,14
13603,3706,2755,668,39
13605,2113,1689,351,5
13606,1569,1381,114,3
13607,659,488,79,0
13608,632,533,82,3
13612,1338,1233,85,0
13613,919,757,120,0
13614,64,64,0,0
13615,535,516,10,0
13616,866,746,35,0
13617,4363,2908,312,2
13618,628,492,68,0
13619,4926,4317,505,10
13620,735,650,62,0
13621,257,209,33,11
13622,1156,1001,69,4
13623,51,45,3,3
13624,2217,1850,255,6
13625,737,672,56,0
13626,897,765,46,5
13628,150,134,8,0
13630,707,497,201,0
13633,168,130,8,0
13634,1800,1563,197,0
13635,322,304,8,5
13636,122,96,24,0
13637,1819,1504,172,6
13638,166,114,52,0
13639,46,41,5,0
13640,90,48,42,0
13641,26,26,0,0
13642,3387,2820,381,0
13643,29,29,0,0
13646,1059,757,222,15
13647,17,17,0,0
13648,1006,823,128,0
13650,407,324,35,2
13651,109,100,4,2
13652,607,481,85,0
13654,912,735,89,0
13655,1270,1185,79,0
13656,1204,1011,111,0
13658,945,784,69,0
13659,214,193,17,0
13660,932,844,66,4
13661,697,586,101,0
13662,7110,5761,918,13
13664,252,200,13,4
13665,243,233,10,0
13666,84,74,10,0
13667,1184,947,193,0
13668,1432,1182,139,2
13669,6144,4851,866,30
13670,135,119,16,0
13672,134,108,8,0
13673,1112,982,102,0
13674,61,61,0,0
13676,6394,4348,484,0
13677,35,0,35,0
13678,49,49,0,0
13679,644,492,141,2
13680,429,388,21,0
13681,354,253,71,5
13682,363,308,50,0
13684,439,385,52,0
13685,1095,908,82,6
13687,210,177,27,0
13690,322,258,27,1
13691,1288,1004,248,0
13692,9,5,0,0
13693,162,162,0,0
13694,569,517,30,9
13695,25,12,10,0
13697,795,611,90,0
13730,1278,938,226,36
13731,353,234,29,30
13732,4091,3785,241,11
13733,2340,1906,276,38
13734,1264,1143,109,0
13736,966,763,184,12
13739,397,339,45,0
13740,171,137,17,8
13743,1775,1555,113,11
13744,722,623,26,9
13746,1118,1059,59,0
13748,1903,1763,113,12
13750,378,311,58,0
13751,75,57,18,0
13752,342,294,30,4
13753,2034,1523,220,26
13754,1598,1170,247,15
13755,634,475,112,0
13756,286,239,21,4
13757,444,361,39,17
13760,20677,17388,2033,484
13774,39,39,0,0
13775,776,479,205,3
13776,187,164,16,1
13777,325,316,6,3
13778,2597,2200,221,3
13780,372,229,101,0
13782,215,158,43,0
13783,958,775,111,12
13784,66,50,16,0
13786,192,166,16,0
13787,1434,1233,100,29
13788,396,300,53,6
13790,8062,6331,951,296
13794,40,34,6,0
13795,1871,1690,120,23
13796,643,544,58,2
13797,980,860,92,4
13801,563,427,126,0
13802,265,265,0,0
13803,1694,1455,187,5
13804,180,154,10,10
13806,144,94,50,0
13807,541,366,74,52
13808,638,502,75,2
13809,627,551,40,0
13810,546,521,22,0
13811,1959,1719,188,7
13812,1114,896,134,35
13813,413,361,46,0
13815,5706,4664,637,46
13820,9340,6219,1054,343
13825,1700,1349,244,18
13827,5285,4339,716,22
13830,1713,1482,145,10
13832,291,272,14,2
13833,1944,1699,171,0
13834,40,40,0,0
13835,683,570,96,6
13838,1795,1412,222,17
13839,762,554,172,3
13841,182,153,11,0
13842,265,223,20,5
13843,684,548,80,1
13844,283,249,31,0
13845,44,44,0,0
13846,109,109,0,0
13847,47,43,0,0
13849,1844,1488,285,4
13850,9377,8503,563,41
13856,2429,1833,406,64
13859,112,102,10,0
13860,41,32,0,0
13861,275,247,23,5
13862,1917,1708,174,0
13863,264,220,31,5
13864,560,418,106,1
13865,3017,2561,363,0
13901,8224,6612,1001,287
13902,1112,112,105,10
13903,8386,6906,725,316
13904,3883,3122,385,239
13905,11056,7775,1435,895
14001,4499,4105,354,1
14004,5106,4532,283,10
14005,1092,959,45,8
14006,4072,3498,460,33
14008,556,521,34,0
14009,2559,2031,337,20
14011,2831,2441,261,0
14012,972,883,62,0
14013,765,667,71,0
14020,10761,9264,789,65
14024,790,627,133,5
14025,1671,1526,75,0
14026,316,288,28,0
14028,600,551,40,0
14030,766,709,57,0
14031,4069,3698,209,48
14032,3550,3233,224,10
14033,1038,921,97,0
14034,687,649,28,0
14035,10,0,10,0
14036,2634,2247,274,0
14037,482,454,18,0
14039,64,61,0,0
14040,995,866,116,0
14041,106,97,9,0
14042,1782,1477,211,4
14043,11605,10311,866,78
14047,3502,3105,237,49
14048,6642,4985,913,48
14051,9864,8880,743,94
14052,8152,7444,405,29
14054,585,521,49,4
14055,601,515,63,0
14057,3758,3247,389,47
14058,1214,984,97,0
14059,4373,4023,263,29
14060,255,193,47,0
14061,118,103,14,0
14062,1323,1158,128,0
14063,6874,5179,558,76
14065,735,620,77,18
14066,601,524,51,0
14067,2032,1764,268,0
14068,3015,2694,268,30
14069,327,251,50,11
14070,2266,1702,290,25
14072,9654,8811,696,69
14075,21116,18474,1820,202
14080,2129,1797,231,0
14081,1227,1034,163,0
14082,226,209,12,5
14085,3578,3234,251,29
14086,16455,14764,1180,31
14091,533,503,13,0
14092,4602,4085,346,14
14094,22310,19232,2007,204
14098,1285,1038,171,2
14101,1087,808,144,9
14102,858,767,16,0
14103,4285,3557,517,6
14105,1838,1577,208,0
14108,2821,2552,232,11
14109,215,48,15,0
14111,1363,1111,153,5
14113,360,287,58,0
14120,20911,18617,1662,148
14125,1806,1589,187,6
14126,232,232,0,0
14127,13953,12834,741,31
14129,655,562,75,0
14130,113,91,15,6
14131,2305,2135,113,12
14132,2891,2586,259,0
14134,30,30,0,0
14135,94,69,17,8
14136,2137,1912,153,0
14138,848,679,100,7
14139,835,767,39,0
14141,3699,2848,509,0
14143,544,476,59,3
14145,747,673,12,0
14150,20272,17728,1520,305
14167,765,640,63,5
14168,24,24,0,0
14169,167,140,0,0
14170,1229,1186,43,0
14171,773,673,93,0
14172,1375,1199,134,0
14173,167,135,32,0
14174,2312,2229,75,1
14201,4564,2375,625,802
14202,1680,977,219,263
14203,310,180,22,10
14204,3527,1877,263,1000
14206,8826,7015,626,541
14207,8100,5534,1017,928
14208,3468,2248,252,533
14209,3424,2385,173,506
14210,5784,4140,825,334
14211,6896,4636,570,1289
14212,3592,2251,408,613
14213,7912,4839,976,1277
14214,8828,6281,824,1264
14215,14689,9840,1750,2107
14216,11559,9655,623,638
14217,11553,9468,1016,338
14218,7671,5982,1122,254
14219,5731,4905,543,125
14220,11219,9119,944,643
14221,24528,21866,1681,450
14222,8124,5581,808,769
14223,11178,9645,908,315
14224,19293,17186,1407,94
14225,16111,13926,1379,303
14226,13743,11792,964,510
14227,10793,9777,840,54
14228,9193,8032,677,147
14261,1631,732,107,134
14301,4615,3170,548,144
14303,2147,1431,267,215
14304,14032,12261,1151,190
14305,7586,6139,858,138
14411,5284,4531,536,63
14414,3614,3309,170,0
14415,67,67,0,0
14416,1735,1563,74,16
14418,482,369,41,0
14420,9184,7023,941,19
14422,1227,1063,96,12
14423,2557,2247,120,10
14424,12373,10561,1188,145
14425,4960,4358,476,21
14427,960,744,182,6
14428,4282,3986,156,26
14432,2706,2298,302,0
14433,1807,1479,211,0
14435,1545,1383,121,19
14437,4212,3427,482,20
14441,124,94,30,0
14445,3904,3111,428,16
14450,19289,17344,1321,142
14454,4231,2888,286,1
14456,8781,6621,910,97
14462,289,239,41,0
14464,3394,3037,334,6
14466,894,754,77,18
14467,4665,4033,496,0
14468,8919,7981,714,32
14469,2915,2465,330,12
14470,3350,3036,174,34
14471,1246,1111,95,0
14472,4031,3613,243,12
14475,106,99,0,0
14476,1061,999,49,0
14477,854,803,33,0
14478,561,254,21,0
14479,251,221,30,0
14480,486,486,0,0
14481,837,733,78,0
14482,3798,3346,354,0
14485,2214,2000,108,14
14486,109,109,0,0
14487,2899,2627,202,20
14489,3073,2483,311,24
14502,5105,4489,508,29
14504,794,644,121,5
14505,2551,2232,164,0
14506,598,569,29,0
14507,541,489,34,0
14510,2103,1650,306,40
14511,214,190,24,0
14512,2057,1691,197,9
14513,6378,5426,658,0
14514,2513,2274,192,12
14516,943,778,71,0
14517,1238,965,116,3
14519,5676,4960,571,39
14521,991,764,145,3
14522,4824,3979,680,14
14525,1342,1139,135,3
14526,9251,8583,519,21
14527,5718,4656,537,38
14529,20,10,0,0
14530,2300,1757,389,0
14532,2213,1842,239,28
14533,1015,870,107,0
14534,14254,13160,702,46
14536,293,230,35,0
14537,136,136,0,0
14539,116,116,0,0
14541,1183,1015,117,7
14542,23,23,0,0
14543,1662,1575,79,0
14544,1018,899,92,9
14545,97,76,21,0
14546,2459,2144,236,4
14548,2394,2045,314,12
14549,19,8,0,0
14550,782,622,112,11
14551,2412,1895,388,19
14555,520,436,48,15
14559,8620,7904,488,80
14560,761,609,137,4
14561,1532,1366,146,0
14564,6568,5977,527,8
14568,3366,3223,122,0
14569,2767,2298,317,0
14571,644,532,51,0
14572,2300,2010,219,4
14580,23244,21348,1285,249
14585,30,25,5,0
14586,4936,4247,538,3
14588,15,15,0,0
14589,3612,3129,178,64
14590,2149,1739,305,6
14591,865,719,133,3
14592,127,116,0,0
14604,493,245,26,30
14605,3660,2227,539,537
14606,11548,9508,1308,426
14607,10000,8267,580,475
14608,4063,2397,485,708
14609,17669,14764,1510,880
14610,6905,6121,465,76
14611,5397,3493,856,599
14612,17841,15982,1491,138
14613,4876,3681,405,631
14614,5,5,0,0
14615,7296,5748,894,431
14616,12247,10657,1078,159
14617,11011,9851,768,175
14618,9963,8129,1058,77
14619,6332,4286,1097,690
14620,11821,7774,1128,695
14621,10443,6989,1581,837
14622,5642,5258,264,34
14623,12020,8229,1141,593
14624,18534,16500,1592,90
14625,4682,4124,408,17
14626,12871,11742,950,23
14627,792,104,23,11
14701,16852,13586,1793,28
14706,2729,2391,251,16
14707,96,78,4,0
14708,98,94,4,0
14709,604,499,61,6
14710,1527,1354,135,0
14711,662,508,92,8
14712,1254,1106,118,21
14714,202,149,23,7
14715,1253,1021,157,1
14716,884,801,61,0
14717,293,242,45,0
14718,889,802,34,3
14719,1318,1089,113,14
14720,267,252,6,0
14721,83,71,12,0
14722,62,24,13,12
14723,499,400,59,0
14724,849,679,68,4
14726,545,284,63,12
14727,2396,1955,337,19
14728,301,275,0,0
14729,416,361,33,3
14731,632,499,44,3
14732,71,60,8,0
14733,1835,1475,209,10
14735,1015,760,151,8
14736,94,89,0,0
14737,1692,1313,213,0
14738,1730,1505,146,0
14739,968,725,194,9
14740,655,545,74,0
14741,903,789,114,0
14742,51,51,0,0
14743,684,611,70,1
14744,900,356,76,4
14747,1048,940,75,6
14748,296,226,31,0
14750,1965,1798,107,6
14752,68,58,0,0
14753,424,357,60,0
14754,287,200,80,7
14755,1342,1072,191,10
14757,1251,1045,108,2
14760,8292,6517,916,161
14767,804,557,154,13
14769,470,431,39,0
14770,1409,1287,111,2
14772,1536,1312,151,17
14774,78,47,24,0
14775,882,798,65,6
14777,254,212,34,4
14778,554,212,20,50
14779,2759,2047,425,7
14781,892,702,82,3
14782,1118,974,88,0
14783,171,117,34,0
14784,335,320,7,0
14787,1844,1671,49,0
14788,27,27,0,0
14801,2173,1806,243,3
14802,1836,370,62,0
14803,469,385,55,0
14804,623,533,59,5
14805,398,341,41,16
14806,919,815,77,0
14807,1256,1062,150,3
14808,271,239,18,0
14809,911,822,51,10
14810,4985,4131,438,65
14812,1445,1173,227,0
14813,952,802,112,6
14814,1113,1033,80,0
14815,409,350,50,3
14816,267,250,5,3
14817,1266,893,333,20
14818,753,737,9,7
14819,278,235,29,0
14820,290,261,27,0
14821,1371,1198,126,0
14822,489,429,28,4
14823,1441,1152,247,20
14824,367,308,50,4
14825,476,448,23,5
14826,964,811,106,3
14830,8900,7541,832,55
14836,458,400,48,0
14837,2093,1577,352,23
14838,694,613,74,4
14839,304,244,31,0
14840,1265,1077,120,0
14841,528,413,96,0
14842,397,279,84,0
14843,5259,4176,570,72
14845,9762,8773,667,59
14846,276,208,50,5
14847,1053,810,148,35
14850,28012,14494,3228,2766
14853,923,185,69,19
14855,313,282,8,0
14856,31,0,11,0
14858,609,565,26,0
14859,489,376,103,6
14860,405,304,84,0
14861,570,488,75,0
14864,553,500,41,0
14865,1018,903,69,6
14867,2201,1767,379,25
14869,602,510,79,11
14870,3932,3303,506,2
14871,2108,1862,148,45
14872,332,327,0,0
14873,994,795,110,13
14874,156,117,39,0
14877,210,147,44,0
14878,216,209,7,0
14879,985,893,63,5
14880,689,601,46,3
14882,1921,1688,151,25
14883,2337,1867,301,35
14884,117,102,6,0
14885,403,323,43,0
14886,3119,2318,403,167
14889,622,519,73,5
14891,2032,1702,143,40
14892,3344,2749,438,30
14893,6,6,0,0
14894,579,489,85,3
14895,3862,3098,445,52
14897,377,313,51,1
14898,689,477,90,0
14901,4930,3738,382,134
14903,3247,2681,281,103
14904,6747,5749,535,68
14905,4238,3490,197,214
