Zipcode,Total; Estimate; Workers 16 years and over,"Car, truck, or van -- drove alone; Estimate; Workers 16 years and over","Car, truck, or van -- carpooled; Estimate; Workers 16 years and over",Public transportation (excluding taxicab); Estimate; Workers 16 years and over,Total; Estimate; Workers 16 years and over who did not work at home,"Car, truck, or van -- drove alone; Estimate; Workers 16 years and over who did not work at home","Car, truck, or van -- carpooled; Estimate; Workers 16 years and over who did not work at home",Public transportation (excluding taxicab); Estimate; Workers 16 years and over who did not work at home
6390,156,130,0,0,150,130,0,0
10001,12321,589,223,6090,11442,589,223,6090
10002,34909,2516,1457,19077,33546,2516,1457,19077
10003,32790,1320,218,18884,29696,1320,218,18884
10004,1883,124,12,898,1735,124,12,898
10005,3729,165,0,2312,3586,165,0,2312
10006,2067,35,26,1204,1917,35,26,1204
10007,3356,136,26,2009,3144,136,26,2009
10009,32604,1778,269,18847,30778,1778,269,18847
10010,16824,971,375,8730,15894,971,375,8730
10011,33199,1972,264,17505,31053,1972,264,17505
10012,15536,903,103,8008,14054,903,103,8008
10013,13504,652,299,6545,12105,652,299,6545
10014,21137,1009,387,11196,19265,1009,387,11196
10016,36133,2008,391,14810,34336,2008,391,14810
10017,11136,333,242,3480,10278,333,242,3480
10018,3397,137,75,1436,3224,137,75,1436
10019,26093,1402,305,11382,24800,1402,305,11382
10020,0,0,0,0,0,0,0,0
10021,24211,2173,699,11505,21994,2173,699,11505
10022,17492,1485,218,6706,16248,1485,218,6706
10023,34099,2336,374,20153,31134,2336,374,20153
10024,34359,2382,401,23032,31704,2382,401,23032
10025,47107,2864,603,31434,42784,2864,603,31434
10026,15616,1250,304,11243,14513,1250,304,11243
10027,24248,1830,332,15201,22566,1830,332,15201
10028,27521,2270,569,16575,25986,2270,569,16575
10029,30893,2063,446,21407,30043,2063,446,21407
10030,11847,1199,492,8228,11208,1199,492,8228
10031,27311,1750,829,20693,25912,1750,829,20693
10032,26816,2402,964,17515,25241,2402,964,17515
10033,26461,2449,1522,16593,24756,2449,1522,16593
10034,19497,2091,1252,12865,18628,2091,1252,12865
10035,11814,795,204,8710,11282,795,204,8710
10036,14514,609,91,6577,13540,609,91,6577
10037,7241,894,117,5051,7086,894,117,5051
10038,10068,498,24,5329,9683,498,24,5329
10039,9049,791,346,6651,8691,791,346,6651
10040,18285,1735,1007,12719,17689,1735,1007,12719
10044,5097,289,66,3850,4904,289,66,3850
10065,18852,996,294,7677,17320,996,294,7677
10069,3010,316,152,1544,2809,316,152,1544
10075,14465,1028,259,8689,13178,1028,259,8689
10103,0,0,0,0,0,0,0,0
10110,3,0,0,1,2,0,0,1
10111,0,0,0,0,0,0,0,0
10112,0,0,0,0,0,0,0,0
10115,0,0,0,0,0,0,0,0
10119,0,0,0,0,0,0,0,0
10128,34470,2829,633,22839,32401,2829,633,22839
10152,0,0,0,0,0,0,0,0
10153,0,0,0,0,0,0,0,0
10154,0,0,0,0,0,0,0,0
10162,789,88,0,317,753,88,0,317
10165,0,0,0,0,0,0,0,0
10167,0,0,0,0,0,0,0,0
10168,0,0,0,0,0,0,0,0
10169,0,0,0,0,0,0,0,0
10170,0,0,0,0,0,0,0,0
10171,0,0,0,0,0,0,0,0
10172,0,0,0,0,0,0,0,0
10173,0,0,0,0,0,0,0,0
10174,0,0,0,0,0,0,0,0
10177,0,0,0,0,0,0,0,0
10199,0,0,0,0,0,0,0,0
10271,0,0,0,0,0,0,0,0
10278,0,0,0,0,0,0,0,0
10279,0,0,0,0,0,0,0,0
10280,5228,372,0,2551,4980,372,0,2551
10282,2478,176,0,1520,2392,176,0,1520
10301,16757,6890,1163,6551,16021,6890,1163,6551
10302,6810,3575,341,2298,6743,3575,341,2298
10303,10010,5003,776,3598,9810,5003,776,3598
10304,17857,7901,1053,7689,17455,7901,1053,7689
10305,16906,8159,1770,5843,16566,8159,1770,5843
10306,24765,13604,2038,7744,24307,13604,2038,7744
10307,6402,4596,457,1090,6256,4596,457,1090
10308,13103,7941,1531,3253,12860,7941,1531,3253
10309,13943,8822,1234,3319,13589,8822,1234,3319
10310,10236,5054,877,3535,9992,5054,877,3535
10311,0,0,0,0,0,0,0,0
10312,28091,18060,2768,6322,27516,18060,2768,6322
10314,38283,22232,3877,10273,37527,22232,3877,10273
10451,15313,1995,521,10087,14784,1995,521,10087
10452,27830,4139,1463,18122,26869,4139,1463,18122
10453,28008,4175,2073,17664,27178,4175,2073,17664
10454,12543,1723,401,8183,12166,1723,401,8183
10455,12334,2387,319,8137,11974,2387,319,8137
10456,29436,3829,860,19911,27809,3829,860,19911
10457,23068,3473,1382,14254,22041,3473,1382,14254
10458,26731,3781,1213,16436,25455,3781,1213,16436
10459,14776,2612,536,9747,14157,2612,536,9747
10460,19961,3961,838,12528,19219,3961,838,12528
10461,22034,7983,1887,9468,21668,7983,1887,9468
10462,32387,7661,1666,19691,31980,7661,1666,19691
10463,29736,7258,2375,16329,28807,7258,2375,16329
10464,2427,1577,142,475,2368,1577,142,475
10465,19088,10662,1866,5419,18675,10662,1866,5419
10466,30430,10215,1799,15669,29991,10215,1799,15669
10467,38253,9000,1440,23091,37144,9000,1440,23091
10468,28909,3621,1220,19735,27976,3621,1220,19735
10469,29466,12162,2411,13353,28988,12162,2411,13353
10470,6908,2819,372,2987,6687,2819,372,2987
10471,10109,4171,751,3943,9558,4171,751,3943
10472,24628,4552,1015,16278,23676,4552,1015,16278
10473,22531,7449,2229,11351,22252,7449,2229,11351
10474,3646,544,144,2211,3404,544,144,2211
10475,17435,6168,1087,8505,17215,6168,1087,8505
10501,558,410,34,52,518,410,34,52
10502,2535,1567,290,346,2309,1567,290,346
10503,107,47,0,38,85,47,0,38
10504,3436,2237,163,546,2960,2237,163,546
10505,330,178,96,25,299,178,96,25
10506,2321,1481,164,363,2114,1481,164,363
10507,2628,1582,159,583,2516,1582,159,583
10509,10219,7775,944,820,9806,7775,944,820
10510,4597,2432,318,1057,4102,2432,318,1057
10511,1220,909,217,49,1178,909,217,49
10512,12153,9361,971,1085,11517,9361,971,1085
10514,5369,2741,165,1706,4779,2741,165,1706
10516,2465,1553,131,406,2233,1553,131,406
10517,269,171,73,8,252,171,73,8
10518,663,477,11,101,630,477,11,101
10519,77,51,0,24,76,51,0,24
10520,6357,3944,462,1519,6149,3944,462,1519
10522,5154,2936,314,1081,4684,2936,314,1081
10523,3888,2675,393,483,3756,2675,393,483
10524,2144,1163,217,440,1893,1163,217,440
10526,1057,713,50,124,905,713,50,124
10527,533,469,9,18,505,469,9,18
10528,6314,4084,267,1530,6117,4084,267,1530
10530,6019,3887,254,1473,5791,3887,254,1473
10532,2528,1988,124,371,2483,1988,124,371
10533,3305,1849,84,919,2906,1849,84,919
10535,436,341,13,0,422,341,13,0
10536,4226,2787,98,774,3851,2787,98,774
10537,1114,855,88,116,1068,855,88,116
10538,7551,3165,425,2899,6966,3165,425,2899
10541,13754,11328,1054,607,13351,11328,1054,607
10543,9377,5808,334,2124,8915,5808,334,2124
10545,40,10,0,0,31,10,0,0
10546,733,515,54,116,685,515,54,116
10547,3608,2765,385,237,3474,2765,385,237
10548,1532,1160,92,257,1509,1160,92,257
10549,7591,4579,655,985,7093,4579,655,985
10550,15796,9346,1196,2825,15499,9346,1196,2825
10552,10247,6548,532,2271,9744,6548,532,2271
10553,4856,3258,262,734,4657,3258,262,734
10560,2300,1686,91,202,2092,1686,91,202
10562,15726,10201,1887,2011,15098,10201,1887,2011
10566,11838,7136,1806,1685,11524,7136,1806,1685
10567,9136,6540,811,1251,8728,6540,811,1251
10570,6140,3953,203,1269,5830,3953,203,1269
10573,19266,11051,1002,3384,18841,11051,1002,3384
10576,2367,1468,156,342,2083,1468,156,342
10577,1821,750,124,258,1752,750,124,258
10578,224,142,0,82,224,142,0,82
10579,4208,3326,390,192,4034,3326,390,192
10580,6400,3377,167,2071,5883,3377,167,2071
10583,16893,8936,877,5141,15226,8936,877,5141
10588,874,810,51,0,861,810,51,0
10589,3235,2427,286,316,3093,2427,286,316
10590,3172,2242,270,357,2922,2242,270,357
10591,11403,6280,1253,2136,10920,6280,1253,2136
10594,2466,1861,172,187,2382,1861,172,187
10595,2669,1955,206,362,2578,1955,206,362
10596,413,330,26,0,413,330,26,0
10597,374,235,23,78,336,235,23,78
10598,13166,10206,1272,887,12568,10206,1272,887
10601,5474,2823,241,1209,5328,2823,241,1209
10603,9897,6415,968,1543,9585,6415,968,1543
10604,5948,3944,285,882,5819,3944,285,882
10605,9469,6048,518,1509,8804,6048,518,1509
10606,7751,3570,503,1884,7012,3570,503,1884
10607,3822,2586,280,778,3730,2586,280,778
10701,28376,13672,2934,8675,27908,13672,2934,8675
10703,8454,5261,914,1541,8392,5261,914,1541
10704,14187,9053,1421,2751,13884,9053,1421,2751
10705,17125,8517,1886,5142,16680,8517,1886,5142
10706,4410,2536,194,1216,4027,2536,194,1216
10707,5019,2760,175,1392,4755,2760,175,1392
10708,10563,5311,630,3546,10073,5311,630,3546
10709,4355,3227,228,631,4097,3227,228,631
10710,12358,8699,1255,1988,12152,8699,1255,1988
10801,18687,9691,1733,3133,17616,9691,1733,3133
10803,5824,3380,470,1445,5475,3380,470,1445
10804,6795,4006,271,1776,6215,4006,271,1776
10805,8632,5502,535,1571,8431,5502,535,1571
10901,11502,8360,1133,1044,10916,8360,1133,1044
10910,0,0,0,0,0,0,0,0
10911,0,0,0,0,0,0,0,0
10913,2383,1753,373,84,2253,1753,373,84
10914,125,109,0,0,125,109,0,0
10915,85,19,53,0,85,19,53,0
10916,2214,1651,177,248,2090,1651,177,248
10917,1129,767,186,51,1095,767,186,51
10918,5680,4407,497,275,5349,4407,497,275
10919,558,491,17,13,521,491,17,13
10920,4140,3569,239,189,4016,3569,239,189
10921,2096,1455,236,86,1973,1455,236,86
10922,530,413,64,53,530,413,64,53
10923,4353,3587,365,265,4276,3587,365,265
10924,5551,4133,586,238,5024,4133,586,238
10925,2108,1566,269,96,1931,1566,269,96
10926,1879,1313,210,140,1777,1313,210,140
10927,5227,3186,548,935,5132,3186,548,935
10928,1804,1413,72,47,1780,1413,72,47
10930,4266,3342,324,365,4081,3342,324,365
10931,554,408,104,22,554,408,104,22
10932,71,47,24,0,71,47,24,0
10933,16,16,0,0,16,16,0,0
10940,22810,15733,3666,992,22106,15733,3666,992
10941,6884,5386,777,260,6675,5386,777,260
10950,17336,11165,2355,1687,16658,11165,2355,1687
10952,12403,7323,1966,1048,11682,7323,1966,1048
10953,73,73,0,0,73,73,0,0
10954,10995,8687,1046,716,10649,8687,1046,716
10956,14797,11531,1155,968,13979,11531,1155,968
10958,1556,1098,191,50,1370,1098,191,50
10960,7955,5235,583,842,7380,5235,583,842
10962,2063,1505,167,197,1962,1505,167,197
10963,1027,861,123,12,1023,861,123,12
10964,606,410,50,17,494,410,50,17
10965,6749,5212,295,541,6350,5212,295,541
10968,1134,902,0,72,985,902,0,72
10969,991,510,31,50,949,510,31,50
10970,4961,3960,453,289,4758,3960,453,289
10973,1028,923,46,0,969,923,46,0
10974,1577,1272,149,91,1515,1272,149,91
10975,268,225,26,4,255,225,26,4
10976,862,634,50,28,810,634,50,28
10977,24468,14293,3332,3600,23901,14293,3332,3600
10979,121,91,30,0,121,91,30,0
10980,6532,5476,485,209,6282,5476,485,209
10983,2700,2274,138,89,2524,2274,138,89
10984,1679,1268,219,93,1597,1268,219,93
10985,39,0,39,0,39,0,39,0
10986,1023,939,64,0,1003,939,64,0
10987,1632,1047,76,286,1439,1047,76,286
10988,378,302,11,5,327,302,11,5
10989,4866,3570,599,370,4654,3570,599,370
10990,9724,8000,698,385,9293,8000,698,385
10992,4998,3844,641,226,4780,3844,641,226
10993,2066,1628,219,121,2066,1628,219,121
10994,3282,2718,286,134,3216,2718,286,134
10996,4583,745,126,11,2830,745,126,11
10998,1523,1163,234,49,1467,1163,234,49
11001,13571,8821,726,3013,13081,8821,726,3013
11003,21471,14344,1864,4155,21156,14344,1864,4155
11004,6780,3851,627,1687,6615,3851,627,1687
11005,462,332,68,0,410,332,68,0
11010,11409,9084,642,1193,11275,9084,642,1193
11020,2732,1785,203,483,2609,1785,203,483
11021,8493,4939,396,2203,7974,4939,396,2203
11023,3584,2021,312,882,3351,2021,312,882
11024,3132,1831,214,667,2906,1831,214,667
11030,7109,4004,298,2137,6681,4004,298,2137
11040,18119,12616,1346,3174,17541,12616,1346,3174
11042,0,0,0,0,0,0,0,0
11050,13977,8286,660,3430,13224,8286,660,3430
11096,3777,2460,287,681,3734,2460,287,681
11101,10700,1664,330,7664,10374,1664,330,7664
11102,17553,2753,547,11951,17103,2753,547,11951
11103,20718,3230,751,14104,20034,3230,751,14104
11104,14909,1632,631,10794,14589,1632,631,10794
11105,19817,3838,748,12922,19162,3838,748,12922
11106,18410,2776,737,12396,17858,2776,737,12396
11109,1998,347,51,1468,1884,347,51,1468
11201,27917,2167,613,18375,25483,2167,613,18375
11203,35287,8618,1575,22042,34663,8618,1575,22042
11204,30609,6534,2349,16150,29681,6534,2349,16150
11205,16330,1801,374,9934,15076,1801,374,9934
11206,29079,3386,1046,18858,27294,3386,1046,18858
11207,32886,6768,1450,21589,32326,6768,1450,21589
11208,34882,7345,1506,24002,34435,7345,1506,24002
11209,33153,8078,2213,18588,32182,8078,2213,18588
11210,27956,9557,1293,14579,26960,9557,1293,14579
11211,40532,3990,1310,23984,37746,3990,1310,23984
11212,28009,5406,713,19497,27487,5406,713,19497
11213,23753,3349,623,16509,23078,3349,623,16509
11214,31719,6093,2652,19436,30693,6093,2652,19436
11215,39404,3821,817,27319,36261,3821,817,27319
11216,24714,3427,547,17682,23568,3427,547,17682
11217,22403,1418,361,16060,20553,1418,361,16060
11218,33161,5214,2030,20563,31897,5214,2030,20563
11219,33146,6412,2996,14713,31702,6412,2996,14713
11220,43519,6181,3494,25474,42341,6181,3494,25474
11221,30297,4770,706,20748,29327,4770,706,20748
11222,20338,2379,622,12873,18799,2379,622,12873
11223,27664,6232,2497,15353,27002,6232,2497,15353
11224,15299,2923,1003,9285,14929,2923,1003,9285
11225,27013,4366,528,18724,25826,4366,528,18724
11226,45454,6629,1257,33230,44325,6629,1257,33230
11228,17696,5263,1943,8569,17080,5263,1943,8569
11229,33097,9395,2374,17243,32096,9395,2374,17243
11230,33201,8545,1843,17891,31896,8545,1843,17891
11231,18589,1921,413,11481,16885,1921,413,11481
11232,11741,1446,526,7617,11385,1446,526,7617
11233,25475,6018,783,16931,24979,6018,783,16931
11234,43372,18968,3188,18002,42194,18968,3188,18002
11235,30529,7464,2484,15163,29123,7464,2484,15163
11236,44537,15840,3133,22947,43863,15840,3133,22947
11237,23071,2163,898,14821,22191,2163,898,14821
11238,28082,2837,566,20754,26577,2837,566,20754
11239,4092,992,204,2577,4076,992,204,2577
11351,0,0,0,0,0,0,0,0
11354,25144,7593,3457,10719,24520,7593,3457,10719
11355,38464,8964,4387,19269,37590,8964,4387,19269
11356,10359,4552,780,3775,10033,4552,780,3775
11357,17532,10604,1472,4543,17098,10604,1472,4543
11358,17739,8426,2366,5924,17402,8426,2366,5924
11359,0,0,0,0,0,0,0,0
11360,9402,5566,783,2479,9203,5566,783,2479
11361,13797,7120,1161,4617,13403,7120,1161,4617
11362,8234,4882,933,1862,7951,4882,933,1862
11363,3574,2055,362,989,3506,2055,362,989
11364,16447,8797,1909,4546,15931,8797,1909,4546
11365,17595,8050,2004,6438,17161,8050,2004,6438
11366,6534,2804,609,2785,6368,2804,609,2785
11367,15889,6450,977,6968,15297,6450,977,6968
11368,50271,8133,3609,31890,49094,8133,3609,31890
11369,18624,4843,1437,10105,18083,4843,1437,10105
11370,12974,3863,682,6886,12747,3863,682,6886
11371,0,0,0,0,0,0,0,0
11372,32964,4238,1199,23786,32164,4238,1199,23786
11373,46112,6360,2153,33535,45340,6360,2153,33535
11374,21108,4803,1476,12470,20505,4803,1476,12470
11375,35050,7653,1934,21288,33451,7653,1934,21288
11377,43838,7151,2130,30653,43216,7151,2130,30653
11378,15773,6381,1368,6529,15432,6381,1368,6529
11379,16298,7539,981,6689,16080,7539,981,6689
11385,44789,11788,2209,26438,44173,11788,2209,26438
11411,9992,5021,626,3688,9667,5021,626,3688
11412,17243,7728,846,7815,16966,7728,846,7815
11413,18775,9225,1519,7222,18376,9225,1519,7222
11414,12348,7125,1333,3214,12171,7125,1333,3214
11415,9384,2740,808,4885,9137,2740,808,4885
11416,10315,2902,579,5613,9932,2902,579,5613
11417,13287,5144,815,6209,12874,5144,815,6209
11418,17019,4580,1225,8994,16508,4580,1225,8994
11419,22389,6735,1636,11834,21773,6735,1636,11834
11420,21923,8394,2229,10355,21558,8394,2229,10355
11421,17791,5555,1166,9533,17183,5555,1166,9533
11422,15591,7785,927,5830,15114,7785,927,5830
11423,14030,4819,1501,6774,13766,4819,1501,6774
11424,0,0,0,0,0,0,0,0
11425,0,0,0,0,0,0,0,0
11426,9017,5714,651,2193,8723,5714,651,2193
11427,11838,6439,973,3862,11693,6439,973,3862
11428,10624,5102,1359,3554,10502,5102,1359,3554
11429,13241,6101,760,5470,12828,6101,760,5470
11430,31,0,0,31,31,0,0,31
11432,25894,7139,1285,14272,25155,7139,1285,14272
11433,11174,4002,824,5378,11026,4002,824,5378
11434,26203,11461,1415,11617,25648,11461,1415,11617
11435,24243,7182,885,14421,23839,7182,885,14421
11436,7290,3353,621,2926,7193,3353,621,2926
11451,0,0,0,0,0,0,0,0
11501,10306,7017,636,1846,10172,7017,636,1846
11507,3217,2123,275,538,3001,2123,275,538
11509,1079,603,56,249,971,603,56,249
11510,16132,11481,1090,2525,15677,11481,1090,2525
11514,2516,1828,170,254,2376,1828,170,254
11516,2716,1898,169,380,2606,1898,169,380
11518,5381,3709,254,1004,5195,3709,254,1004
11520,21231,13701,2395,3608,20966,13701,2395,3608
11530,11839,7946,615,2367,11278,7946,615,2367
11542,13050,9215,1138,979,12430,9215,1138,979
11545,5528,3927,279,715,5117,3927,279,715
11547,265,211,20,17,265,211,20,17
11548,988,452,127,70,887,452,127,70
11549,1101,237,27,33,988,237,27,33
11550,26415,14291,3530,6069,25970,14291,3530,6069
11552,11086,7715,1026,1728,10773,7715,1026,1728
11553,12674,8539,1598,1754,12435,8539,1598,1754
11554,17366,12938,1515,1732,16625,12938,1515,1732
11556,0,0,0,0,0,0,0,0
11557,3544,2589,230,454,3409,2589,230,454
11558,4202,2776,464,812,4090,2776,464,812
11559,3170,2150,208,607,3072,2150,208,607
11560,3000,2054,120,486,2761,2054,120,486
11561,20182,12297,1655,3960,19261,12297,1655,3960
11563,10759,7644,439,2045,10487,7644,439,2045
11565,4532,3310,281,788,4392,3310,281,788
11566,16885,12269,1105,2806,16343,12269,1105,2806
11568,1727,1078,173,142,1604,1078,173,142
11569,827,493,80,147,789,493,80,147
11570,12745,7928,820,3113,12253,7928,820,3113
11572,13960,9981,902,2108,13381,9981,902,2108
11575,7070,4367,1046,1190,6910,4367,1046,1190
11576,5420,3881,368,698,5007,3881,368,698
11577,5435,4036,254,802,5225,4036,254,802
11579,2717,1674,161,380,2440,1674,161,380
11580,19530,13665,1627,3293,19270,13665,1627,3293
11581,9213,6248,503,1749,8912,6248,503,1749
11590,21663,15957,1630,2701,20900,15957,1630,2701
11596,5061,3711,403,632,4927,3711,403,632
11598,5950,3741,246,1343,5616,3741,246,1343
11691,21371,7250,1634,9455,20871,7250,1634,9455
11692,6476,2420,428,2872,6378,2420,428,2872
11693,4485,1997,339,1701,4299,1997,339,1701
11694,9190,4678,964,2526,8768,4678,964,2526
11697,1595,960,173,344,1568,960,173,344
11701,12602,8891,1628,1265,12402,8891,1628,1265
11702,7957,6042,350,888,7550,6042,350,888
11703,8091,6363,600,748,7813,6363,600,748
11704,19791,16487,1155,1384,19429,16487,1155,1384
11705,3806,3079,311,227,3666,3079,311,227
11706,31414,23983,3102,2068,30496,23983,3102,2068
11709,3180,2524,154,283,3027,2524,154,283
11710,16871,12482,993,2226,16250,12482,993,2226
11713,4918,3894,356,361,4737,3894,356,361
11714,10636,8238,622,1425,10345,8238,622,1425
11715,2414,2017,229,78,2336,2017,229,78
11716,5229,4378,409,248,5103,4378,409,248
11717,27342,18933,4654,1726,26886,18933,4654,1726
11718,1577,1213,77,164,1519,1213,77,164
11719,1173,949,83,81,1121,949,83,81
11720,15745,13386,1385,471,15389,13386,1385,471
11721,3040,2212,143,345,2726,2212,143,345
11722,17459,12785,2833,676,17253,12785,2833,676
11724,1361,967,20,183,1208,967,20,183
11725,13197,10637,906,1002,12642,10637,906,1002
11726,9318,6320,1364,792,9015,6320,1364,792
11727,15658,13291,1353,650,15385,13291,1353,650
11729,13786,10760,1028,1158,13167,10760,1028,1158
11730,6635,5450,398,341,6262,5450,398,341
11731,14170,11441,685,1185,13615,11441,685,1185
11732,1562,1280,54,157,1496,1280,54,157
11733,8608,6735,544,524,8134,6735,544,524
11735,16068,12152,1241,1599,15521,12152,1241,1599
11738,8911,7103,907,380,8608,7103,907,380
11739,925,774,91,45,910,774,91,45
11740,3976,2702,350,526,3679,2702,350,526
11741,14211,11870,1099,724,13810,11870,1099,724
11742,6364,5207,615,294,6147,5207,615,294
11743,20807,16065,575,2337,19410,16065,575,2337
11746,32844,25139,2053,3116,31125,25139,2053,3116
11747,8550,6714,411,892,8096,6714,411,892
11749,1817,1467,165,121,1776,1467,165,121
11751,6884,5484,420,605,6689,5484,420,605
11752,5087,3995,544,232,4952,3995,544,232
11753,5680,3909,425,994,5376,3909,425,994
11754,8823,7396,357,684,8641,7396,357,684
11755,5944,4913,354,339,5683,4913,354,339
11756,22150,17664,1486,2202,21593,17664,1486,2202
11757,22648,17844,1701,1714,21817,17844,1701,1714
11758,26356,20037,1553,3616,25601,20037,1553,3616
11762,10245,7915,646,1341,10060,7915,646,1341
11763,14271,11561,1580,592,13946,11561,1580,592
11764,6441,5309,489,331,6200,5309,489,331
11765,254,184,11,23,218,184,11,23
11766,5308,4289,475,313,5077,4289,475,313
11767,6858,6134,292,265,6739,6134,292,265
11768,9880,7339,654,982,9138,7339,654,982
11769,4161,3420,184,366,4051,3420,184,366
11770,123,36,0,16,123,36,0,16
11771,4471,3452,149,198,4154,3452,149,198
11772,21376,17995,1346,1039,20942,17995,1346,1039
11776,11259,9480,962,467,11070,9480,962,467
11777,4416,3494,463,132,4202,3494,463,132
11778,6111,5158,581,121,5912,5158,581,121
11779,18978,16090,1534,816,18638,16090,1534,816
11780,6413,5128,355,350,6012,5128,355,350
11782,7074,6163,280,253,6838,6163,280,253
11783,10529,8247,734,1144,10303,8247,734,1144
11784,12562,10401,1184,462,12214,10401,1184,462
11786,3086,2611,239,52,2931,2611,239,52
11787,17063,14072,1148,876,16315,14072,1148,876
11788,7934,6468,570,429,7585,6468,570,429
11789,3971,3434,182,190,3892,3434,182,190
11790,7802,5669,506,441,7362,5669,506,441
11791,11566,7853,814,2020,10938,7853,814,2020
11792,4501,4035,250,58,4373,4035,250,58
11793,16035,12673,893,1725,15527,12673,893,1725
11794,868,157,71,129,803,157,71,129
11795,12135,9976,714,831,11679,9976,714,831
11796,1700,1441,85,132,1682,1441,85,132
11797,3732,2686,208,512,3465,2686,208,512
11798,6091,4435,653,757,5919,4435,653,757
11801,18992,14433,1479,1991,18437,14433,1479,1991
11803,13622,9847,989,1837,12902,9847,989,1837
11804,2280,1692,87,360,2170,1692,87,360
11901,11255,8600,1446,469,11049,8600,1446,469
11930,545,346,34,20,455,346,34,20
11931,31,16,0,0,16,16,0,0
11932,361,272,6,43,335,272,6,43
11933,3012,2461,261,36,2887,2461,261,36
11934,3670,3159,308,59,3557,3159,308,59
11935,1451,1281,95,31,1432,1281,95,31
11937,7583,5535,782,306,6926,5535,782,306
11939,539,382,98,0,492,382,98,0
11940,2358,1825,334,77,2276,1825,334,77
11941,696,488,92,10,634,488,92,10
11942,2199,1866,235,47,2163,1866,235,47
11944,1645,1021,96,138,1591,1021,96,138
11946,7101,5515,740,233,6836,5515,740,233
11947,30,30,0,0,30,30,0,0
11948,381,279,65,20,381,279,65,20
11949,6578,5679,676,53,6485,5679,676,53
11950,7731,6375,842,146,7699,6375,842,146
11951,6478,5101,812,314,6383,5101,812,314
11952,2181,1858,99,94,2068,1858,99,94
11953,5937,5318,330,169,5863,5318,330,169
11954,1634,999,199,205,1572,999,199,205
11955,1745,1405,222,0,1677,1405,222,0
11956,122,90,0,0,90,90,0,0
11957,290,206,22,22,254,206,22,22
11958,210,119,18,0,137,119,18,0
11959,325,244,7,35,286,244,7,35
11960,469,413,0,15,460,413,0,15
11961,4745,3883,495,188,4599,3883,495,188
11962,109,60,0,3,86,60,0,3
11963,3355,2484,252,250,3085,2484,252,250
11964,880,551,45,79,838,551,45,79
11965,290,188,13,66,270,188,13,66
11967,13309,11575,1022,277,13017,11575,1022,277
11968,5737,3986,577,390,5263,3986,577,390
11970,546,490,40,16,546,490,40,16
11971,2557,2037,233,27,2333,2037,233,27
11972,402,361,14,0,382,361,14,0
11973,0,0,0,0,0,0,0,0
11975,98,69,3,10,86,69,3,10
11976,874,500,124,100,799,500,124,100
11977,1238,979,47,12,1124,979,47,12
11978,1331,1005,100,67,1218,1005,100,67
11980,2162,1913,164,35,2119,1913,164,35
12007,36,36,0,0,36,36,0,0
12008,151,140,0,0,151,140,0,0
12009,3712,3085,309,61,3519,3085,309,61
12010,12839,10152,1532,192,12505,10152,1532,192
12015,1471,1236,142,10,1441,1236,142,10
12017,209,160,13,0,191,160,13,0
12018,4084,3406,365,57,3925,3406,365,57
12019,7817,6593,640,100,7400,6593,640,100
12020,15815,13148,1444,225,15341,13148,1444,225
12022,390,283,46,0,368,283,46,0
12023,1186,933,124,0,1093,933,124,0
12024,13,13,0,0,13,13,0,0
12025,2758,2271,238,23,2589,2271,238,23
12027,1771,1489,95,25,1714,1489,95,25
12028,588,563,0,0,563,563,0,0
12029,568,425,41,3,496,425,41,3
12031,59,49,6,0,55,49,6,0
12032,378,344,12,0,366,344,12,0
12033,3973,3372,297,12,3833,3372,297,12
12035,303,222,56,0,294,222,56,0
12036,71,66,5,0,71,66,5,0
12037,2052,1633,150,27,1935,1633,150,27
12040,39,29,5,0,34,29,5,0
12041,237,202,26,0,237,202,26,0
12042,229,229,0,0,229,229,0,0
12043,3617,2513,254,139,3433,2513,254,139
12045,298,261,3,0,298,261,3,0
12046,486,392,70,0,472,392,70,0
12047,9742,8002,1057,134,9481,8002,1057,134
12051,2306,1945,205,0,2256,1945,205,0
12052,772,624,116,2,754,624,116,2
12053,2353,2042,157,20,2252,2042,157,20
12054,8740,7277,667,200,8289,7277,667,200
12056,1023,820,95,0,968,820,95,0
12057,1032,805,123,5,945,805,123,5
12058,651,502,77,0,634,502,77,0
12059,862,745,84,9,838,745,84,9
12060,689,511,65,33,624,511,65,33
12061,5034,4336,423,64,4876,4336,423,64
12062,809,634,67,0,716,634,67,0
12063,236,209,14,13,236,209,14,13
12064,253,166,27,7,240,166,27,7
12065,21469,18594,1486,122,20446,18594,1486,122
12066,1325,1022,175,0,1226,1022,175,0
12067,642,545,63,0,626,545,63,0
12068,1539,1362,49,0,1478,1362,49,0
12069,115,98,13,0,111,98,13,0
12070,817,679,76,0,814,679,76,0
12071,97,74,18,0,92,74,18,0
12072,1247,918,95,19,1108,918,95,19
12074,1485,1292,133,0,1450,1292,133,0
12075,1446,1149,125,62,1347,1149,125,62
12076,661,515,90,9,620,515,90,9
12077,2807,2360,106,99,2734,2360,106,99
12078,9611,7806,1024,67,9191,7806,1024,67
12083,1671,1317,195,0,1583,1317,195,0
12084,2593,2213,161,52,2436,2213,161,52
12085,203,174,0,0,203,174,0,0
12086,633,500,63,32,602,500,63,32
12087,570,514,34,0,563,514,34,0
12089,34,34,0,0,34,34,0,0
12090,2861,2251,339,7,2808,2251,339,7
12092,492,431,29,5,489,431,29,5
12093,755,623,58,16,705,623,58,16
12094,875,768,78,5,861,768,78,5
12095,5002,3860,549,3,4790,3860,549,3
12106,1076,865,67,14,997,865,67,14
12108,148,125,0,0,138,125,0,0
12110,10605,9098,642,91,10191,9098,642,91
12115,76,54,0,0,54,54,0,0
12116,761,625,94,0,722,625,94,0
12117,1617,1408,115,1,1551,1408,115,1
12118,7270,6147,523,4,6942,6147,523,4
12120,341,241,50,6,297,241,50,6
12121,1004,906,18,0,953,906,18,0
12122,2322,1901,147,24,2238,1901,147,24
12123,2410,2134,151,0,2314,2134,151,0
12124,343,278,0,0,310,278,0,0
12125,681,540,72,0,659,540,72,0
12130,617,462,112,0,617,462,112,0
12131,10,10,0,0,10,10,0,0
12132,170,134,36,0,170,134,36,0
12134,1517,1229,154,10,1486,1229,154,10
12136,307,234,0,9,287,234,0,9
12137,940,724,148,0,918,724,148,0
12138,1578,1340,104,11,1469,1340,104,11
12139,72,52,4,0,63,52,4,0
12140,811,731,39,2,800,731,39,2
12143,2561,2010,403,11,2517,2010,403,11
12144,10611,8775,854,424,10432,8775,854,424
12147,207,159,28,0,201,159,28,0
12148,2193,1825,175,1,2060,1825,175,1
12149,1036,754,149,6,917,754,149,6
12150,399,380,0,0,380,380,0,0
12151,326,299,3,9,321,299,3,9
12153,531,442,59,0,503,442,59,0
12154,1335,1150,108,3,1286,1150,108,3
12155,1112,858,119,8,1017,858,119,8
12156,404,369,0,11,380,369,0,11
12157,2077,1597,261,18,1955,1597,261,18
12158,3274,2791,263,20,3194,2791,263,20
12159,4088,3495,339,13,3945,3495,339,13
12160,416,368,29,0,406,368,29,0
12161,208,172,36,0,208,172,36,0
12164,174,136,8,0,165,136,8,0
12165,87,71,7,1,79,71,7,1
12166,568,466,54,0,535,466,54,0
12167,920,704,80,3,868,704,80,3
12168,1084,905,122,0,1055,905,122,0
12169,63,63,0,0,63,63,0,0
12170,2420,1972,237,0,2251,1972,237,0
12172,86,54,0,0,54,54,0,0
12173,899,768,86,9,876,768,86,9
12174,205,179,19,0,198,179,19,0
12175,272,225,24,0,249,225,24,0
12176,124,120,4,0,124,120,4,0
12177,272,272,0,0,272,272,0,0
12180,25581,18090,2472,1609,24677,18090,2472,1609
12182,6292,4944,624,258,6103,4944,624,258
12183,1346,1083,105,15,1303,1083,105,15
12184,3115,2590,241,33,2960,2590,241,33
12185,1268,1037,110,4,1180,1037,110,4
12186,3216,2843,135,7,3071,2843,135,7
12187,191,177,4,0,184,177,4,0
12188,5918,4908,570,91,5700,4908,570,91
12189,9103,7600,543,401,8993,7600,543,401
12190,321,269,27,0,310,269,27,0
12192,750,610,94,0,732,610,94,0
12193,1000,831,40,0,916,831,40,0
12194,37,29,4,0,33,29,4,0
12195,151,104,8,0,132,104,8,0
12196,1998,1694,100,15,1835,1694,100,15
12197,1117,899,143,7,1077,899,143,7
12198,4048,3655,277,0,3932,3655,277,0
12202,4063,2319,357,739,3940,2319,357,739
12203,14132,10364,1315,1109,13668,10364,1315,1109
12204,3814,2981,197,380,3748,2981,197,380
12205,14877,12118,1685,343,14419,12118,1685,343
12206,6071,3036,438,1438,5846,3036,438,1438
12207,568,116,75,204,504,116,75,204
12208,11845,8012,1234,935,11437,8012,1234,935
12209,5582,3957,649,602,5423,3957,649,602
12210,5052,2524,173,865,4899,2524,173,865
12211,5293,4387,355,23,4940,4387,355,23
12222,1213,352,23,214,1100,352,23,214
12302,13037,11535,857,47,12717,11535,857,47
12303,14650,12219,1235,255,14227,12219,1235,255
12304,9407,7527,587,571,9122,7527,587,571
12305,1931,1201,67,165,1840,1201,67,165
12306,13764,11877,1269,136,13519,11877,1269,136
12307,2186,1531,108,293,2127,1531,108,293
12308,6763,4792,515,368,6493,4792,515,368
12309,15084,13066,1043,117,14514,13066,1043,117
12401,16694,12899,1458,357,15802,12899,1458,357
12404,1507,1025,186,52,1328,1025,186,52
12405,167,110,6,0,167,110,6,0
12406,282,213,26,0,257,213,26,0
12407,57,52,5,0,57,52,5,0
12409,266,154,9,6,190,154,9,6
12410,241,225,11,0,241,225,11,0
12411,222,205,12,0,217,205,12,0
12412,354,275,0,0,293,275,0,0
12413,1127,855,86,22,1127,855,86,22
12414,4279,3265,421,44,4082,3265,421,44
12416,123,109,0,0,109,109,0,0
12417,256,256,0,0,256,256,0,0
12418,130,100,8,0,130,100,8,0
12419,378,299,49,0,364,299,49,0
12420,308,286,0,11,297,286,0,11
12421,269,208,5,0,213,208,5,0
12422,78,64,14,0,78,64,14,0
12423,366,241,82,0,349,241,82,0
12424,125,105,15,0,120,105,15,0
12427,80,73,0,7,80,73,0,7
12428,2370,1669,374,51,2201,1669,374,51
12429,223,207,16,0,223,207,16,0
12430,493,336,65,16,443,336,65,16
12431,526,485,5,0,526,485,5,0
12432,187,187,0,0,187,187,0,0
12433,305,229,30,0,283,229,30,0
12434,207,162,31,0,202,162,31,0
12435,189,162,27,0,189,162,27,0
12436,358,327,0,0,327,327,0,0
12438,26,18,0,0,18,18,0,0
12439,48,33,15,0,48,33,15,0
12440,1154,943,68,0,1029,943,68,0
12441,9,9,0,0,9,9,0,0
12442,360,302,9,0,360,302,9,0
12443,1900,1661,108,0,1770,1661,108,0
12444,163,84,29,4,163,84,29,4
12446,2137,1713,177,66,1997,1713,177,66
12448,274,215,0,0,215,215,0,0
12449,1309,1065,58,10,1168,1065,58,10
12450,77,40,12,0,52,40,12,0
12451,719,555,54,0,648,555,54,0
12452,139,68,16,4,112,68,16,4
12453,143,126,0,0,143,126,0,0
12454,120,105,0,0,120,105,0,0
12455,832,578,104,14,762,578,104,14
12456,429,394,25,0,419,394,25,0
12457,366,215,15,27,257,215,15,27
12458,940,782,107,0,889,782,107,0
12459,96,57,0,0,57,57,0,0
12460,155,105,0,0,143,105,0,0
12461,1086,717,97,94,994,717,97,94
12463,656,573,72,0,656,573,72,0
12464,434,216,83,12,331,216,83,12
12465,134,102,13,0,134,102,13,0
12466,1299,965,211,24,1246,965,211,24
12468,332,238,27,2,278,238,27,2
12469,229,162,33,6,206,162,33,6
12470,449,437,12,0,449,437,12,0
12471,143,143,0,0,143,143,0,0
12472,789,592,146,0,754,592,146,0
12473,464,420,25,14,459,420,25,14
12474,622,437,40,2,533,437,40,2
12475,180,173,0,0,173,173,0,0
12477,9477,7631,767,257,9026,7631,767,257
12480,236,209,4,6,219,209,4,6
12481,555,451,14,11,476,451,14,11
12482,271,271,0,0,271,271,0,0
12483,268,188,42,15,245,188,42,15
12484,1523,1127,231,77,1443,1127,231,77
12485,290,204,12,0,261,204,12,0
12486,788,641,53,12,706,641,53,12
12487,1616,1235,111,27,1578,1235,111,27
12489,127,90,0,19,109,90,0,19
12490,20,20,0,0,20,20,0,0
12491,991,758,113,0,887,758,113,0
12492,154,134,4,0,138,134,4,0
12493,177,172,5,0,177,172,5,0
12494,495,426,0,0,456,426,0,0
12495,183,130,0,0,174,130,0,0
12496,604,472,21,0,578,472,21,0
12498,2630,1659,161,107,2169,1659,161,107
12501,1258,901,186,0,1195,901,186,0
12502,730,532,30,60,632,532,30,60
12503,388,240,31,7,288,240,31,7
12504,520,135,0,8,457,135,0,8
12507,76,55,0,0,76,55,0,0
12508,9095,7141,703,689,8840,7141,703,689
12512,85,85,0,0,85,85,0,0
12513,360,360,0,0,360,360,0,0
12514,1423,1072,51,41,1256,1072,51,41
12515,696,533,10,19,640,533,10,19
12516,772,560,24,31,615,560,24,31
12517,257,145,42,0,208,145,42,0
12518,2741,2326,131,43,2573,2326,131,43
12520,1724,1178,121,154,1567,1178,121,154
12521,653,555,35,10,611,555,35,10
12522,2378,2056,129,62,2288,2056,129,62
12523,961,835,74,12,934,835,74,12
12524,6988,5582,750,281,6780,5582,750,281
12525,1839,1604,45,6,1704,1604,45,6
12526,1684,1264,196,34,1556,1264,196,34
12527,135,135,0,0,135,135,0,0
12528,6170,5009,398,253,6033,5009,398,253
12529,1523,1004,105,97,1339,1004,105,97
12530,92,92,0,0,92,92,0,0
12531,1412,1089,74,77,1303,1089,74,77
12533,11880,9790,995,308,11221,9790,995,308
12534,8049,5934,429,257,7551,5934,429,257
12538,6676,5377,418,130,6347,5377,418,130
12540,3433,2874,186,98,3247,2874,186,98
12542,2814,2208,270,168,2720,2208,270,168
12543,1444,1159,126,131,1426,1159,126,131
12545,1993,1364,126,69,1893,1364,126,69
12546,1346,969,127,11,1201,969,127,11
12547,1416,1190,99,19,1316,1190,99,19
12548,825,635,146,0,782,635,146,0
12549,4669,3593,603,223,4597,3593,603,223
12550,23971,15498,3688,1285,23023,15498,3688,1285
12553,12528,10040,1144,800,12348,10040,1144,800
12561,8336,5887,593,166,7720,5887,593,166
12563,3452,2461,454,144,3224,2461,454,144
12564,3754,2797,246,331,3580,2797,246,331
12565,523,460,6,10,503,460,6,10
12566,5278,4423,400,97,5065,4423,400,97
12567,1293,1021,87,32,1225,1021,87,32
12569,4652,3739,291,58,4263,3739,291,58
12570,3776,3306,170,98,3641,3306,170,98
12571,4876,3746,356,125,4382,3746,356,125
12572,4417,3240,321,124,4033,3240,321,124
12574,113,86,21,0,107,86,21,0
12575,856,699,15,95,823,699,15,95
12577,622,484,16,29,538,484,16,29
12578,1462,1210,152,51,1424,1210,152,51
12580,2273,1811,222,49,2116,1811,222,49
12581,1182,889,113,35,1079,889,113,35
12582,2018,1719,114,54,1950,1719,114,54
12583,1132,795,130,39,1037,795,130,39
12585,382,348,34,0,382,348,34,0
12586,6588,5271,633,235,6455,5271,633,235
12589,7642,6175,474,60,6993,6175,474,60
12590,16909,13336,1471,1230,16343,13336,1471,1230
12592,568,510,48,10,568,510,48,10
12594,2023,1654,125,123,1983,1654,125,123
12601,19107,12932,2107,1291,18303,12932,2107,1291
12603,20643,16161,1812,532,19862,16161,1812,532
12604,189,12,0,13,160,12,0,13
12701,4301,3183,655,35,4105,3183,655,35
12719,546,467,17,23,532,467,17,23
12720,56,56,0,0,56,56,0,0
12721,2894,2466,285,54,2838,2466,285,54
12722,66,31,0,0,31,31,0,0
12723,964,691,65,12,874,691,65,12
12724,106,70,17,0,87,70,17,0
12725,93,56,4,30,90,56,4,30
12726,405,330,47,5,395,330,47,5
12729,1018,729,174,34,954,729,174,34
12732,251,182,12,18,228,182,12,18
12733,206,114,8,0,198,114,8,0
12734,290,243,35,0,278,243,35,0
12736,60,54,0,0,60,54,0,0
12737,788,611,80,28,759,611,80,28
12738,295,253,0,0,253,253,0,0
12740,576,494,10,0,576,494,10,0
12741,130,113,17,0,130,113,17,0
12742,101,101,0,0,101,101,0,0
12743,168,102,43,0,168,102,43,0
12745,74,43,24,0,67,43,24,0
12746,295,232,21,0,253,232,21,0
12747,725,438,79,0,590,438,79,0
12748,1262,1095,99,10,1255,1095,99,10
12749,62,62,0,0,62,62,0,0
12750,51,40,0,0,40,40,0,0
12751,328,252,17,11,328,252,17,11
12752,103,89,14,0,103,89,14,0
12754,3173,2364,316,60,2921,2364,316,60
12758,2090,1567,172,117,1950,1567,172,117
12759,422,236,65,0,357,236,65,0
12760,270,172,29,10,239,172,29,10
12762,163,148,0,0,148,148,0,0
12763,442,343,59,0,442,343,59,0
12764,754,565,72,24,693,565,72,24
12765,320,320,0,0,320,320,0,0
12766,114,95,0,0,110,95,0,0
12767,24,24,0,0,24,24,0,0
12768,365,245,72,3,337,245,72,3
12769,78,78,0,0,78,78,0,0
12770,97,97,0,0,97,97,0,0
12771,6334,4705,769,153,6003,4705,769,153
12775,992,779,95,31,958,779,95,31
12776,901,692,76,18,857,692,76,18
12777,450,394,25,10,432,394,25,10
12778,278,182,96,0,278,182,96,0
12779,1008,559,243,82,951,559,243,82
12780,921,722,155,30,907,722,155,30
12781,128,128,0,0,128,128,0,0
12783,754,435,267,0,712,435,267,0
12784,49,0,6,0,6,0,6,0
12785,436,412,9,0,421,412,9,0
12786,167,126,0,15,141,126,0,15
12787,185,111,40,0,151,111,40,0
12788,1066,682,202,0,896,682,202,0
12789,706,479,67,28,622,479,67,28
12790,2096,1702,280,16,2034,1702,280,16
12791,391,391,0,0,391,391,0,0
12792,197,192,0,0,192,192,0,0
12801,7503,5749,785,128,7339,5749,785,128
12803,4004,3242,514,21,3856,3242,514,21
12804,12765,10736,1154,43,12262,10736,1154,43
12808,125,117,8,0,125,117,8,0
12809,1926,1528,137,25,1771,1528,137,25
12810,258,201,53,0,258,201,53,0
12811,110,98,12,0,110,98,12,0
12812,98,62,14,0,88,62,14,0
12814,1002,783,45,0,861,783,45,0
12815,368,283,49,0,350,283,49,0
12816,2043,1556,207,0,1902,1556,207,0
12817,784,621,24,0,728,621,24,0
12819,94,81,11,0,94,81,11,0
12821,104,104,0,0,104,104,0,0
12822,2784,2226,334,10,2684,2226,334,10
12823,19,19,0,0,19,19,0,0
12824,373,238,53,14,316,238,53,14
12827,1861,1542,142,8,1770,1542,142,8
12828,4615,3747,544,30,4438,3747,544,30
12831,8548,7037,844,83,8038,7037,844,83
12832,2795,2183,378,5,2690,2183,378,5
12833,2154,1751,245,11,2056,1751,245,11
12834,3395,2735,366,1,3231,2735,366,1
12835,1065,856,156,7,1032,856,156,7
12836,229,189,13,0,205,189,13,0
12837,381,307,59,1,381,307,59,1
12838,238,187,39,0,226,187,39,0
12839,6322,5296,596,34,6063,5296,596,34
12841,26,16,4,0,24,16,4,0
12842,471,387,56,0,465,387,56,0
12843,236,171,52,0,223,171,52,0
12844,40,20,12,0,37,20,12,0
12845,2404,1955,240,12,2339,1955,240,12
12846,1691,1470,102,0,1631,1470,102,0
12847,273,203,6,2,265,203,6,2
12849,244,215,8,0,223,215,8,0
12850,1521,1248,170,42,1477,1248,170,42
12851,84,73,7,0,82,73,7,0
12852,235,160,64,0,227,160,64,0
12853,585,409,73,0,499,409,73,0
12855,85,66,12,0,82,66,12,0
12856,37,37,0,0,37,37,0,0
12857,178,130,42,0,178,130,42,0
12858,12,0,7,0,12,0,7,0
12859,1337,1154,103,14,1298,1154,103,14
12860,354,248,15,0,337,248,15,0
12861,221,193,14,0,212,193,14,0
12862,0,0,0,0,0,0,0,0
12863,247,203,21,0,247,203,21,0
12864,22,16,6,0,22,16,6,0
12865,1847,1486,99,0,1720,1486,99,0
12866,18367,14110,1365,132,17251,14110,1365,132
12870,781,590,30,12,674,590,30,12
12871,2037,1719,124,5,1948,1719,124,5
12872,28,28,0,0,28,28,0,0
12873,330,247,31,12,298,247,31,12
12874,53,36,4,2,47,36,4,2
12878,444,355,78,0,433,355,78,0
12883,2419,1994,146,0,2334,1994,146,0
12884,166,153,11,2,166,153,11,2
12885,1872,1386,312,9,1799,1386,312,9
12886,89,69,6,0,89,69,6,0
12887,2107,1449,515,0,2049,1449,515,0
12901,15008,10658,1778,141,14565,10658,1778,141
12903,453,359,70,0,435,359,70,0
12910,757,642,92,6,740,642,92,6
12911,15,15,0,0,15,15,0,0
12912,1119,840,119,17,1041,840,119,17
12913,519,454,30,0,490,454,30,0
12914,262,210,40,0,250,210,40,0
12916,861,678,105,0,824,678,105,0
12917,568,443,20,0,489,443,20,0
12918,1091,916,115,0,1037,916,115,0
12919,1287,965,183,23,1237,965,183,23
12920,1148,939,106,21,1110,939,106,21
12921,1028,870,56,9,1002,870,56,9
12922,15,14,0,0,14,14,0,0
12923,280,168,56,7,239,168,56,7
12924,60,27,20,0,60,27,20,0
12926,786,604,83,8,725,604,83,8
12927,49,49,0,0,49,49,0,0
12928,828,693,96,13,821,693,96,13
12929,409,350,10,8,395,350,10,8
12930,381,257,83,0,353,257,83,0
12932,593,474,23,0,543,474,23,0
12933,0,0,0,0,0,0,0,0
12934,529,346,105,10,467,346,105,10
12935,464,323,97,0,424,323,97,0
12936,285,250,8,0,267,250,8,0
12937,654,530,69,17,625,530,69,17
12939,99,71,4,0,89,71,4,0
12941,478,388,32,0,436,388,32,0
12942,294,161,50,19,261,161,50,19
12943,155,110,0,0,125,110,0,0
12944,1801,1386,199,16,1719,1386,199,16
12945,263,195,49,0,244,195,49,0
12946,3037,2194,91,0,2885,2194,91,0
12950,325,244,32,0,303,244,32,0
12952,147,117,30,0,147,117,30,0
12953,4877,3769,609,80,4758,3769,609,80
12955,134,119,9,4,132,119,9,4
12956,487,419,68,0,487,419,68,0
12957,664,558,35,0,616,558,35,0
12958,953,839,82,16,953,839,82,16
12959,531,423,87,0,531,423,87,0
12960,362,327,20,0,352,327,20,0
12961,58,58,0,0,58,58,0,0
12962,3352,2947,209,0,3225,2947,209,0
12964,90,53,19,0,90,53,19,0
12965,152,108,22,0,141,108,22,0
12966,1529,1140,144,17,1345,1140,144,17
12967,407,337,50,0,401,337,50,0
12969,131,110,18,3,131,110,18,3
12970,321,142,9,12,269,142,9,12
12972,2982,2287,345,0,2882,2287,345,0
12973,62,45,2,0,47,45,2,0
12974,791,550,123,11,750,550,123,11
12975,125,103,12,0,115,103,12,0
12976,46,45,0,0,45,45,0,0
12977,0,0,0,0,0,0,0,0
12978,163,135,0,0,163,135,0,0
12979,1128,780,170,16,1062,780,170,16
12980,426,329,86,4,421,329,86,4
12981,969,822,70,0,893,822,70,0
12983,3907,2844,402,0,3670,2844,402,0
12985,427,335,75,0,427,335,75,0
12986,2738,1986,447,23,2588,1986,447,23
12987,116,91,0,0,91,91,0,0
12989,579,416,99,5,528,416,99,5
12992,2273,1897,227,23,2257,1897,227,23
12993,805,567,41,0,724,567,41,0
12996,846,698,62,2,817,698,62,2
12997,566,389,55,1,500,389,55,1
12998,105,71,32,0,103,71,32,0
13020,49,43,6,0,49,43,6,0
13021,18743,15217,1630,361,18254,15217,1630,361
13024,0,0,0,0,0,0,0,0
13026,901,567,49,0,778,567,49,0
13027,15542,13562,1103,198,15014,13562,1103,198
13028,585,458,88,0,557,458,88,0
13029,3580,3050,208,0,3368,3050,208,0
13030,1834,1488,268,0,1769,1488,268,0
13031,7425,6357,622,87,7200,6357,622,87
13032,6563,5748,571,11,6400,5748,571,11
13033,2149,1813,144,0,2040,1813,144,0
13034,846,740,73,0,829,740,73,0
13035,3541,2943,242,1,3332,2943,242,1
13036,4013,3406,409,11,3865,3406,409,11
13037,4252,3583,361,51,4088,3583,361,51
13039,8796,8038,405,15,8561,8038,405,15
13040,1070,868,105,9,1006,868,105,9
13041,5752,4972,429,10,5552,4972,429,10
13042,843,774,19,0,816,774,19,0
13044,1201,1013,50,20,1101,1013,50,20
13045,13296,9874,1449,82,12759,9874,1449,82
13051,29,29,0,0,29,29,0,0
13052,741,541,88,0,703,541,88,0
13053,2244,1567,413,103,2159,1567,413,103
13054,669,616,34,0,650,616,34,0
13057,7440,6394,592,48,7207,6394,592,48
13060,1392,1303,43,0,1372,1303,43,0
13061,602,485,63,0,560,485,63,0
13062,77,77,0,0,77,77,0,0
13063,1125,917,137,0,1069,917,137,0
13064,13,0,13,0,13,0,13,0
13066,6194,5283,391,7,5865,5283,391,7
13068,2802,2218,342,28,2666,2218,342,28
13069,10532,8192,1176,143,10201,8192,1176,143
13071,472,393,37,0,433,393,37,0
13072,409,288,99,0,409,288,99,0
13073,3020,2417,408,21,2907,2417,408,21
13074,2263,1728,298,19,2163,1728,298,19
13076,1282,1125,118,9,1252,1125,118,9
13077,3225,2695,340,7,3149,2695,340,7
13078,4581,3920,344,20,4377,3920,344,20
13080,1841,1467,243,10,1794,1467,243,10
13081,598,519,43,0,582,519,43,0
13082,2148,1888,113,0,2072,1888,113,0
13083,698,458,129,0,668,458,129,0
13084,2090,1921,91,0,2039,1921,91,0
13087,82,79,0,0,82,79,0,0
13088,11094,9414,1009,94,10777,9414,1009,94
13090,15929,13641,1234,203,15437,13641,1234,203
13092,1461,1107,205,11,1374,1107,205,11
13101,1317,1098,78,19,1232,1098,78,19
13102,119,85,0,0,85,85,0,0
13103,66,66,0,0,66,66,0,0
13104,7700,6436,475,77,7320,6436,475,77
13108,3124,2636,284,28,3019,2636,284,28
13110,1271,1062,118,7,1191,1062,118,7
13111,511,441,59,0,506,441,59,0
13112,1021,914,37,0,999,914,37,0
13113,110,94,14,0,108,94,14,0
13114,2718,2294,216,5,2622,2294,216,5
13115,71,61,1,0,71,61,1,0
13116,1855,1637,68,0,1797,1637,68,0
13117,84,47,21,0,77,47,21,0
13118,2208,1706,291,13,2097,1706,291,13
13120,1016,891,41,35,988,891,41,35
13122,339,264,28,0,319,264,28,0
13123,29,16,13,0,29,16,13,0
13124,59,51,5,0,56,51,5,0
13126,15675,12175,1431,114,15293,12175,1431,114
13131,1500,1285,164,0,1460,1285,164,0
13132,2082,1696,238,0,2008,1696,238,0
13134,25,20,0,0,20,20,0,0
13135,3242,2582,365,18,3068,2582,365,18
13136,243,178,26,0,219,178,26,0
13138,15,15,0,0,15,15,0,0
13140,1857,1475,223,0,1774,1475,223,0
13141,249,207,37,0,249,207,37,0
13142,2639,2291,146,21,2523,2291,146,21
13143,1176,822,201,0,1081,822,201,0
13144,568,489,55,0,553,489,55,0
13145,638,544,44,0,612,544,44,0
13146,868,658,96,6,817,658,96,6
13147,780,579,72,10,708,579,72,10
13148,5085,4283,435,20,4986,4283,435,20
13152,3814,2834,334,19,3534,2834,334,19
13153,170,170,0,0,170,170,0,0
13155,317,252,35,0,314,252,35,0
13156,866,806,11,0,866,806,11,0
13157,403,367,36,0,403,367,36,0
13158,833,688,97,0,802,688,97,0
13159,2699,2226,214,9,2573,2226,214,9
13160,997,786,67,0,951,786,67,0
13162,182,137,0,0,152,137,0,0
13163,115,101,6,0,113,101,6,0
13164,1405,1149,212,0,1369,1149,212,0
13165,4980,4331,375,15,4836,4331,375,15
13166,2923,2479,279,8,2851,2479,279,8
13167,1510,1304,100,8,1422,1304,100,8
13202,1262,556,101,256,1257,556,101,256
13203,6129,4049,690,552,6039,4049,690,552
13204,7593,5304,747,758,7482,5304,747,758
13205,6448,4497,705,694,6311,4497,705,694
13206,8244,6559,703,416,8115,6559,703,416
13207,5727,4107,652,354,5470,4107,652,354
13208,9261,6219,1620,472,9080,6219,1620,472
13209,6221,5435,537,92,6153,5435,537,92
13210,11182,4942,1014,1005,10567,4942,1014,1005
13211,3031,2630,250,24,3003,2630,250,24
13212,10117,8423,1017,67,9822,8423,1017,67
13214,3121,2159,257,127,2964,2159,257,127
13215,7438,6405,558,72,7131,6405,558,72
13219,6981,5856,662,163,6882,5856,662,163
13224,4267,2837,425,300,4102,2837,425,300
13290,0,0,0,0,0,0,0,0
13301,95,55,11,0,66,55,11,0
13302,736,582,107,0,711,582,107,0
13303,477,400,16,0,433,400,16,0
13304,665,571,21,3,619,571,21,3
13305,71,55,12,0,71,55,12,0
13308,1647,1483,42,6,1628,1483,42,6
13309,2994,2445,253,12,2912,2445,253,12
13310,346,261,24,0,299,261,24,0
13312,114,95,0,2,106,95,0,2
13313,250,157,70,11,250,157,70,11
13314,227,192,19,0,218,192,19,0
13315,840,624,94,6,730,624,94,6
13316,3100,2594,289,7,2990,2594,289,7
13317,1646,1356,175,6,1578,1356,175,6
13318,611,473,102,0,575,473,102,0
13319,612,513,57,19,612,513,57,19
13320,975,662,171,3,884,662,171,3
13321,567,505,39,0,544,505,39,0
13322,599,448,95,0,560,448,95,0
13323,5087,3873,340,0,4752,3873,340,0
13324,1001,859,58,4,976,859,58,4
13325,461,359,50,0,436,359,50,0
13326,2510,1780,262,22,2421,1780,262,22
13327,1043,834,110,7,983,834,110,7
13328,609,553,26,0,584,553,26,0
13329,1765,1419,207,22,1711,1419,207,22
13331,193,90,0,0,90,90,0,0
13332,1284,1056,121,2,1218,1056,121,2
13333,11,6,5,0,11,6,5,0
13334,485,426,24,0,479,426,24,0
13335,819,602,62,37,764,602,62,37
13337,276,187,77,0,264,187,77,0
13338,444,363,63,0,439,363,63,0
13339,2975,2320,261,7,2766,2320,261,7
13340,3818,3180,387,0,3692,3180,387,0
13341,29,29,0,0,29,29,0,0
13342,106,78,0,0,88,78,0,0
13343,661,551,86,0,645,551,86,0
13345,91,71,17,0,91,71,17,0
13346,2502,1498,95,18,2324,1498,95,18
13348,596,485,80,6,587,485,80,6
13350,3863,3149,206,43,3713,3149,206,43
13352,79,79,0,0,79,79,0,0
13353,30,28,0,0,28,28,0,0
13354,1541,1220,227,0,1450,1220,227,0
13355,322,276,4,0,294,276,4,0
13357,4718,3914,450,10,4537,3914,450,10
13360,209,149,13,0,196,149,13,0
13361,424,310,46,7,386,310,46,7
13362,78,75,0,0,78,75,0,0
13363,1299,1119,98,11,1242,1119,98,11
13364,165,74,57,0,144,74,57,0
13365,4091,3348,378,2,3931,3348,378,2
13367,3630,2800,347,24,3453,2800,347,24
13368,582,481,71,0,570,481,71,0
13402,881,656,64,0,789,656,64,0
13403,2213,1891,77,23,2050,1891,77,23
13404,111,93,9,0,102,93,9,0
13406,377,298,33,3,345,298,33,3
13407,2277,1833,239,13,2158,1833,239,13
13408,1184,653,104,55,1117,653,104,55
13409,1486,1231,158,0,1431,1231,158,0
13410,120,98,18,0,116,98,18,0
13411,1557,1153,226,9,1450,1153,226,9
13413,7222,6450,336,33,6931,6450,336,33
13415,26,18,8,0,26,18,8,0
13416,940,735,80,10,848,735,80,10
13417,1821,1557,209,15,1792,1557,209,15
13418,169,141,18,0,169,141,18,0
13420,577,437,14,10,555,437,14,10
13421,6530,5172,662,15,6298,5172,662,15
13424,1226,1040,70,0,1187,1040,70,0
13425,1087,809,127,2,997,809,127,2
13428,585,393,108,0,528,393,108,0
13431,975,774,78,7,915,774,78,7
13433,592,412,86,0,559,412,86,0
13435,104,93,2,0,100,93,2,0
13436,77,53,4,0,74,53,4,0
13437,214,191,16,0,207,191,16,0
13438,1881,1654,85,2,1817,1654,85,2
13439,1715,1221,149,57,1522,1221,149,57
13440,17934,15160,1443,287,17616,15160,1443,287
13441,28,28,0,0,28,28,0,0
13450,94,41,43,0,84,41,43,0
13452,1931,1585,137,7,1867,1585,137,7
13454,321,222,47,5,314,222,47,5
13456,2271,1907,257,0,2204,1907,257,0
13459,1096,839,55,2,988,839,55,2
13460,2008,1558,214,0,1842,1558,214,0
13461,1547,1390,65,0,1475,1390,65,0
13464,558,401,52,7,494,401,52,7
13468,252,173,34,0,210,173,34,0
13469,342,266,35,0,307,266,35,0
13470,237,188,35,0,227,188,35,0
13471,1448,1187,166,3,1401,1187,166,3
13472,154,90,0,0,90,90,0,0
13473,349,272,39,9,333,272,39,9
13475,0,0,0,0,0,0,0,0
13476,1418,1204,152,0,1379,1204,152,0
13477,956,820,45,0,910,820,45,0
13478,1447,1368,51,0,1419,1368,51,0
13480,1573,1295,184,0,1552,1295,184,0
13483,122,99,22,0,121,99,22,0
13484,92,80,12,0,92,80,12,0
13485,400,307,42,0,365,307,42,0
13486,288,275,0,0,275,275,0,0
13488,109,87,0,0,89,87,0,0
13489,238,204,18,0,234,204,18,0
13490,746,613,58,0,671,613,58,0
13491,1640,1212,202,12,1528,1212,202,12
13492,5584,5050,375,56,5510,5050,375,56
13493,843,654,132,8,830,654,132,8
13494,150,132,4,0,143,132,4,0
13495,923,798,71,2,910,798,71,2
13501,13422,9952,1879,323,13091,9952,1879,323
13502,14969,11671,1572,388,14625,11671,1572,388
13601,17624,13746,2294,249,17166,13746,2294,249
13602,2532,655,584,14,2150,655,584,14
13603,3807,2755,668,39,3706,2755,668,39
13605,2168,1689,351,5,2113,1689,351,5
13606,1623,1381,114,3,1569,1381,114,3
13607,728,488,79,0,659,488,79,0
13608,654,533,82,3,632,533,82,3
13612,1376,1233,85,0,1338,1233,85,0
13613,980,757,120,0,919,757,120,0
13614,64,64,0,0,64,64,0,0
13615,541,516,10,0,535,516,10,0
13616,896,746,35,0,866,746,35,0
13617,4694,2908,312,2,4363,2908,312,2
13618,720,492,68,0,628,492,68,0
13619,5107,4317,505,10,4926,4317,505,10
13620,807,650,62,0,735,650,62,0
13621,257,209,33,11,257,209,33,11
13622,1279,1001,69,4,1156,1001,69,4
13623,54,45,3,3,51,45,3,3
13624,2298,1850,255,6,2217,1850,255,6
13625,788,672,56,0,737,672,56,0
13626,936,765,46,5,897,765,46,5
13628,150,134,8,0,150,134,8,0
13630,765,497,201,0,707,497,201,0
13633,187,130,8,0,168,130,8,0
13634,1810,1563,197,0,1800,1563,197,0
13635,334,304,8,5,322,304,8,5
13636,124,96,24,0,122,96,24,0
13637,1883,1504,172,6,1819,1504,172,6
13638,166,114,52,0,166,114,52,0
13639,49,41,5,0,46,41,5,0
13640,113,48,42,0,90,48,42,0
13641,26,26,0,0,26,26,0,0
13642,3560,2820,381,0,3387,2820,381,0
13643,29,29,0,0,29,29,0,0
13646,1203,757,222,15,1059,757,222,15
13647,17,17,0,0,17,17,0,0
13648,1011,823,128,0,1006,823,128,0
13650,432,324,35,2,407,324,35,2
13651,109,100,4,2,109,100,4,2
13652,622,481,85,0,607,481,85,0
13654,982,735,89,0,912,735,89,0
13655,1293,1185,79,0,1270,1185,79,0
13656,1344,1011,111,0,1204,1011,111,0
13658,984,784,69,0,945,784,69,0
13659,225,193,17,0,214,193,17,0
13660,1001,844,66,4,932,844,66,4
13661,726,586,101,0,697,586,101,0
13662,7306,5761,918,13,7110,5761,918,13
13664,265,200,13,4,252,200,13,4
13665,243,233,10,0,243,233,10,0
13666,93,74,10,0,84,74,10,0
13667,1239,947,193,0,1184,947,193,0
13668,1491,1182,139,2,1432,1182,139,2
13669,6313,4851,866,30,6144,4851,866,30
13670,150,119,16,0,135,119,16,0
13672,144,108,8,0,134,108,8,0
13673,1138,982,102,0,1112,982,102,0
13674,61,61,0,0,61,61,0,0
13675,0,0,0,0,0,0,0,0
13676,6865,4348,484,0,6394,4348,484,0
13677,35,0,35,0,35,0,35,0
13678,49,49,0,0,49,49,0,0
13679,710,492,141,2,644,492,141,2
13680,469,388,21,0,429,388,21,0
13681,362,253,71,5,354,253,71,5
13682,386,308,50,0,363,308,50,0
13684,453,385,52,0,439,385,52,0
13685,1173,908,82,6,1095,908,82,6
13687,217,177,27,0,210,177,27,0
13690,379,258,27,1,322,258,27,1
13691,1322,1004,248,0,1288,1004,248,0
13692,9,5,0,0,9,5,0,0
13693,175,162,0,0,162,162,0,0
13694,582,517,30,9,569,517,30,9
13695,28,12,10,0,25,12,10,0
13696,0,0,0,0,0,0,0,0
13697,901,611,90,0,795,611,90,0
13730,1346,938,226,36,1278,938,226,36
13731,391,234,29,30,353,234,29,30
13732,4217,3785,241,11,4091,3785,241,11
13733,2522,1906,276,38,2340,1906,276,38
13734,1264,1143,109,0,1264,1143,109,0
13736,1024,763,184,12,966,763,184,12
13739,441,339,45,0,397,339,45,0
13740,199,137,17,8,171,137,17,8
13743,1784,1555,113,11,1775,1555,113,11
13744,754,623,26,9,722,623,26,9
13746,1126,1059,59,0,1118,1059,59,0
13748,2000,1763,113,12,1903,1763,113,12
13750,395,311,58,0,378,311,58,0
13751,75,57,18,0,75,57,18,0
13752,399,294,30,4,342,294,30,4
13753,2382,1523,220,26,2034,1523,220,26
13754,1646,1170,247,15,1598,1170,247,15
13755,664,475,112,0,634,475,112,0
13756,286,239,21,4,286,239,21,4
13757,499,361,39,17,444,361,39,17
13760,21509,17388,2033,484,20677,17388,2033,484
13774,39,39,0,0,39,39,0,0
13775,811,479,205,3,776,479,205,3
13776,209,164,16,1,187,164,16,1
13777,325,316,6,3,325,316,6,3
13778,2760,2200,221,3,2597,2200,221,3
13780,372,229,101,0,372,229,101,0
13782,230,158,43,0,215,158,43,0
13783,972,775,111,12,958,775,111,12
13784,66,50,16,0,66,50,16,0
13786,204,166,16,0,192,166,16,0
13787,1538,1233,100,29,1434,1233,100,29
13788,444,300,53,6,396,300,53,6
13790,8251,6331,951,296,8062,6331,951,296
13794,40,34,6,0,40,34,6,0
13795,1899,1690,120,23,1871,1690,120,23
13796,661,544,58,2,643,544,58,2
13797,1015,860,92,4,980,860,92,4
13801,597,427,126,0,563,427,126,0
13802,267,265,0,0,265,265,0,0
13803,1821,1455,187,5,1694,1455,187,5
13804,186,154,10,10,180,154,10,10
13806,144,94,50,0,144,94,50,0
13807,594,366,74,52,541,366,74,52
13808,671,502,75,2,638,502,75,2
13809,641,551,40,0,627,551,40,0
13810,575,521,22,0,546,521,22,0
13811,2062,1719,188,7,1959,1719,188,7
13812,1151,896,134,35,1114,896,134,35
13813,427,361,46,0,413,361,46,0
13815,5852,4664,637,46,5706,4664,637,46
13820,9825,6219,1054,343,9340,6219,1054,343
13825,1731,1349,244,18,1700,1349,244,18
13826,0,0,0,0,0,0,0,0
13827,5543,4339,716,22,5285,4339,716,22
13830,1807,1482,145,10,1713,1482,145,10
13832,310,272,14,2,291,272,14,2
13833,1989,1699,171,0,1944,1699,171,0
13834,40,40,0,0,40,40,0,0
13835,711,570,96,6,683,570,96,6
13838,1801,1412,222,17,1795,1412,222,17
13839,847,554,172,3,762,554,172,3
13841,189,153,11,0,182,153,11,0
13842,270,223,20,5,265,223,20,5
13843,722,548,80,1,684,548,80,1
13844,311,249,31,0,283,249,31,0
13845,44,44,0,0,44,44,0,0
13846,122,109,0,0,109,109,0,0
13847,53,43,0,0,47,43,0,0
13849,1904,1488,285,4,1844,1488,285,4
13850,9835,8503,563,41,9377,8503,563,41
13856,2531,1833,406,64,2429,1833,406,64
13859,123,102,10,0,112,102,10,0
13860,41,32,0,0,41,32,0,0
13861,275,247,23,5,275,247,23,5
13862,2000,1708,174,0,1917,1708,174,0
13863,264,220,31,5,264,220,31,5
13864,573,418,106,1,560,418,106,1
13865,3058,2561,363,0,3017,2561,363,0
13901,8546,6612,1001,287,8224,6612,1001,287
13902,1530,112,105,10,1112,112,105,10
13903,8694,6906,725,316,8386,6906,725,316
13904,3940,3122,385,239,3883,3122,385,239
13905,11447,7775,1435,895,11056,7775,1435,895
14001,4633,4105,354,1,4499,4105,354,1
14004,5204,4532,283,10,5106,4532,283,10
14005,1112,959,45,8,1092,959,45,8
14006,4175,3498,460,33,4072,3498,460,33
14008,579,521,34,0,556,521,34,0
14009,2650,2031,337,20,2559,2031,337,20
14011,2925,2441,261,0,2831,2441,261,0
14012,999,883,62,0,972,883,62,0
14013,785,667,71,0,765,667,71,0
14020,11031,9264,789,65,10761,9264,789,65
14024,815,627,133,5,790,627,133,5
14025,1695,1526,75,0,1671,1526,75,0
14026,316,288,28,0,316,288,28,0
14028,620,551,40,0,600,551,40,0
14030,816,709,57,0,766,709,57,0
14031,4174,3698,209,48,4069,3698,209,48
14032,3686,3233,224,10,3550,3233,224,10
14033,1097,921,97,0,1038,921,97,0
14034,700,649,28,0,687,649,28,0
14035,10,0,10,0,10,0,10,0
14036,2663,2247,274,0,2634,2247,274,0
14037,496,454,18,0,482,454,18,0
14039,64,61,0,0,64,61,0,0
14040,1040,866,116,0,995,866,116,0
14041,106,97,9,0,106,97,9,0
14042,1851,1477,211,4,1782,1477,211,4
14043,11756,10311,866,78,11605,10311,866,78
14047,3553,3105,237,49,3502,3105,237,49
14048,6745,4985,913,48,6642,4985,913,48
14051,10187,8880,743,94,9864,8880,743,94
14052,8513,7444,405,29,8152,7444,405,29
14054,652,521,49,4,585,521,49,4
14055,628,515,63,0,601,515,63,0
14057,3907,3247,389,47,3758,3247,389,47
14058,1262,984,97,0,1214,984,97,0
14059,4559,4023,263,29,4373,4023,263,29
14060,258,193,47,0,255,193,47,0
14061,118,103,14,0,118,103,14,0
14062,1387,1158,128,0,1323,1158,128,0
14063,7085,5179,558,76,6874,5179,558,76
14065,777,620,77,18,735,620,77,18
14066,608,524,51,0,601,524,51,0
14067,2059,1764,268,0,2032,1764,268,0
14068,3093,2694,268,30,3015,2694,268,30
14069,333,251,50,11,327,251,50,11
14070,2328,1702,290,25,2266,1702,290,25
14072,9978,8811,696,69,9654,8811,696,69
14075,21614,18474,1820,202,21116,18474,1820,202
14080,2177,1797,231,0,2129,1797,231,0
14081,1240,1034,163,0,1227,1034,163,0
14082,226,209,12,5,226,209,12,5
14085,3646,3234,251,29,3578,3234,251,29
14086,16794,14764,1180,31,16455,14764,1180,31
14091,558,503,13,0,533,503,13,0
14092,4698,4085,346,14,4602,4085,346,14
14094,22848,19232,2007,204,22310,19232,2007,204
14098,1332,1038,171,2,1285,1038,171,2
14101,1115,808,144,9,1087,808,144,9
14102,872,767,16,0,858,767,16,0
14103,4437,3557,517,6,4285,3557,517,6
14105,2072,1577,208,0,1838,1577,208,0
14108,2860,2552,232,11,2821,2552,232,11
14109,247,48,15,0,215,48,15,0
14111,1427,1111,153,5,1363,1111,153,5
14112,0,0,0,0,0,0,0,0
14113,370,287,58,0,360,287,58,0
14120,21367,18617,1662,148,20911,18617,1662,148
14125,1829,1589,187,6,1806,1589,187,6
14126,270,232,0,0,232,232,0,0
14127,14457,12834,741,31,13953,12834,741,31
14129,693,562,75,0,655,562,75,0
14130,113,91,15,6,113,91,15,6
14131,2320,2135,113,12,2305,2135,113,12
14132,2950,2586,259,0,2891,2586,259,0
14134,30,30,0,0,30,30,0,0
14135,94,69,17,8,94,69,17,8
14136,2180,1912,153,0,2137,1912,153,0
14138,887,679,100,7,848,679,100,7
14139,906,767,39,0,835,767,39,0
14141,3859,2848,509,0,3699,2848,509,0
14143,550,476,59,3,544,476,59,3
14145,756,673,12,0,747,673,12,0
14150,20659,17728,1520,305,20272,17728,1520,305
14167,804,640,63,5,765,640,63,5
14168,24,24,0,0,24,24,0,0
14169,179,140,0,0,167,140,0,0
14170,1319,1186,43,0,1229,1186,43,0
14171,809,673,93,0,773,673,93,0
14172,1431,1199,134,0,1375,1199,134,0
14173,167,135,32,0,167,135,32,0
14174,2369,2229,75,1,2312,2229,75,1
14201,4670,2375,625,802,4564,2375,625,802
14202,1740,977,219,263,1680,977,219,263
14203,346,180,22,10,310,180,22,10
14204,3563,1877,263,1000,3527,1877,263,1000
14206,8907,7015,626,541,8826,7015,626,541
14207,8369,5534,1017,928,8100,5534,1017,928
14208,3554,2248,252,533,3468,2248,252,533
14209,3570,2385,173,506,3424,2385,173,506
14210,5858,4140,825,334,5784,4140,825,334
14211,7160,4636,570,1289,6896,4636,570,1289
14212,3638,2251,408,613,3592,2251,408,613
14213,8030,4839,976,1277,7912,4839,976,1277
14214,9193,6281,824,1264,8828,6281,824,1264
14215,15052,9840,1750,2107,14689,9840,1750,2107
14216,11818,9655,623,638,11559,9655,623,638
14217,11764,9468,1016,338,11553,9468,1016,338
14218,7790,5982,1122,254,7671,5982,1122,254
14219,5785,4905,543,125,5731,4905,543,125
14220,11368,9119,944,643,11219,9119,944,643
14221,25651,21866,1681,450,24528,21866,1681,450
14222,8563,5581,808,769,8124,5581,808,769
14223,11388,9645,908,315,11178,9645,908,315
14224,19576,17186,1407,94,19293,17186,1407,94
14225,16338,13926,1379,303,16111,13926,1379,303
14226,14092,11792,964,510,13743,11792,964,510
14227,10917,9777,840,54,10793,9777,840,54
14228,9406,8032,677,147,9193,8032,677,147
14261,1741,732,107,134,1631,732,107,134
14301,4644,3170,548,144,4615,3170,548,144
14302,0,0,0,0,0,0,0,0
14303,2170,1431,267,215,2147,1431,267,215
14304,14246,12261,1151,190,14032,12261,1151,190
14305,7684,6139,858,138,7586,6139,858,138
14411,5405,4531,536,63,5284,4531,536,63
14414,3736,3309,170,0,3614,3309,170,0
14415,67,67,0,0,67,67,0,0
14416,1744,1563,74,16,1735,1563,74,16
14418,516,369,41,0,482,369,41,0
14420,9429,7023,941,19,9184,7023,941,19
14422,1260,1063,96,12,1227,1063,96,12
14423,2646,2247,120,10,2557,2247,120,10
14424,12851,10561,1188,145,12373,10561,1188,145
14425,5229,4358,476,21,4960,4358,476,21
14427,979,744,182,6,960,744,182,6
14428,4402,3986,156,26,4282,3986,156,26
14432,2788,2298,302,0,2706,2298,302,0
14433,1862,1479,211,0,1807,1479,211,0
14435,1599,1383,121,19,1545,1383,121,19
14437,4317,3427,482,20,4212,3427,482,20
14441,131,94,30,0,124,94,30,0
14445,3979,3111,428,16,3904,3111,428,16
14450,20277,17344,1321,142,19289,17344,1321,142
14454,4387,2888,286,1,4231,2888,286,1
14456,9200,6621,910,97,8781,6621,910,97
14462,292,239,41,0,289,239,41,0
14464,3479,3037,334,6,3394,3037,334,6
14466,908,754,77,18,894,754,77,18
14467,4861,4033,496,0,4665,4033,496,0
14468,9102,7981,714,32,8919,7981,714,32
14469,3063,2465,330,12,2915,2465,330,12
14470,3443,3036,174,34,3350,3036,174,34
14471,1296,1111,95,0,1246,1111,95,0
14472,4387,3613,243,12,4031,3613,243,12
14475,116,99,0,0,106,99,0,0
14476,1096,999,49,0,1061,999,49,0
14477,892,803,33,0,854,803,33,0
14478,613,254,21,0,561,254,21,0
14479,251,221,30,0,251,221,30,0
14480,486,486,0,0,486,486,0,0
14481,861,733,78,0,837,733,78,0
14482,3918,3346,354,0,3798,3346,354,0
14485,2279,2000,108,14,2214,2000,108,14
14486,109,109,0,0,109,109,0,0
14487,3059,2627,202,20,2899,2627,202,20
14489,3118,2483,311,24,3073,2483,311,24
14502,5382,4489,508,29,5105,4489,508,29
14504,805,644,121,5,794,644,121,5
14505,2695,2232,164,0,2551,2232,164,0
14506,629,569,29,0,598,569,29,0
14507,558,489,34,0,541,489,34,0
14510,2187,1650,306,40,2103,1650,306,40
14511,214,190,24,0,214,190,24,0
14512,2188,1691,197,9,2057,1691,197,9
14513,6457,5426,658,0,6378,5426,658,0
14514,2583,2274,192,12,2513,2274,192,12
14516,976,778,71,0,943,778,71,0
14517,1285,965,116,3,1238,965,116,3
14519,5791,4960,571,39,5676,4960,571,39
14521,1015,764,145,3,991,764,145,3
14522,4933,3979,680,14,4824,3979,680,14
14525,1404,1139,135,3,1342,1139,135,3
14526,9594,8583,519,21,9251,8583,519,21
14527,6137,4656,537,38,5718,4656,537,38
14529,20,10,0,0,20,10,0,0
14530,2367,1757,389,0,2300,1757,389,0
14532,2250,1842,239,28,2213,1842,239,28
14533,1039,870,107,0,1015,870,107,0
14534,15087,13160,702,46,14254,13160,702,46
14536,298,230,35,0,293,230,35,0
14537,146,136,0,0,136,136,0,0
14539,116,116,0,0,116,116,0,0
14541,1240,1015,117,7,1183,1015,117,7
14542,23,23,0,0,23,23,0,0
14543,1765,1575,79,0,1662,1575,79,0
14544,1078,899,92,9,1018,899,92,9
14545,97,76,21,0,97,76,21,0
14546,2501,2144,236,4,2459,2144,236,4
14548,2444,2045,314,12,2394,2045,314,12
14549,19,8,0,0,19,8,0,0
14550,799,622,112,11,782,622,112,11
14551,2426,1895,388,19,2412,1895,388,19
14555,555,436,48,15,520,436,48,15
14559,8891,7904,488,80,8620,7904,488,80
14560,781,609,137,4,761,609,137,4
14561,1691,1366,146,0,1532,1366,146,0
14564,6944,5977,527,8,6568,5977,527,8
14568,3456,3223,122,0,3366,3223,122,0
14569,2834,2298,317,0,2767,2298,317,0
14571,650,532,51,0,644,532,51,0
14572,2391,2010,219,4,2300,2010,219,4
14580,24133,21348,1285,249,23244,21348,1285,249
14585,30,25,5,0,30,25,5,0
14586,5014,4247,538,3,4936,4247,538,3
14588,15,15,0,0,15,15,0,0
14589,3717,3129,178,64,3612,3129,178,64
14590,2229,1739,305,6,2149,1739,305,6
14591,910,719,133,3,865,719,133,3
14592,127,116,0,0,127,116,0,0
14604,528,245,26,30,493,245,26,30
14605,3748,2227,539,537,3660,2227,539,537
14606,11841,9508,1308,426,11548,9508,1308,426
14607,10508,8267,580,475,10000,8267,580,475
14608,4136,2397,485,708,4063,2397,485,708
14609,17981,14764,1510,880,17669,14764,1510,880
14610,7230,6121,465,76,6905,6121,465,76
14611,5557,3493,856,599,5397,3493,856,599
14612,18240,15982,1491,138,17841,15982,1491,138
14613,5047,3681,405,631,4876,3681,405,631
14614,5,5,0,0,5,5,0,0
14615,7488,5748,894,431,7296,5748,894,431
14616,12596,10657,1078,159,12247,10657,1078,159
14617,11466,9851,768,175,11011,9851,768,175
14618,10691,8129,1058,77,9963,8129,1058,77
14619,6487,4286,1097,690,6332,4286,1097,690
14620,12517,7774,1128,695,11821,7774,1128,695
14621,10663,6989,1581,837,10443,6989,1581,837
14622,5815,5258,264,34,5642,5258,264,34
14623,12352,8229,1141,593,12020,8229,1141,593
14624,18987,16500,1592,90,18534,16500,1592,90
14625,4927,4124,408,17,4682,4124,408,17
14626,13212,11742,950,23,12871,11742,950,23
14627,884,104,23,11,792,104,23,11
14701,17275,13586,1793,28,16852,13586,1793,28
14706,2782,2391,251,16,2729,2391,251,16
14707,99,78,4,0,96,78,4,0
14708,98,94,4,0,98,94,4,0
14709,655,499,61,6,604,499,61,6
14710,1594,1354,135,0,1527,1354,135,0
14711,681,508,92,8,662,508,92,8
14712,1457,1106,118,21,1254,1106,118,21
14714,234,149,23,7,202,149,23,7
14715,1277,1021,157,1,1253,1021,157,1
14716,907,801,61,0,884,801,61,0
14717,299,242,45,0,293,242,45,0
14718,895,802,34,3,889,802,34,3
14719,1358,1089,113,14,1318,1089,113,14
14720,267,252,6,0,267,252,6,0
14721,83,71,12,0,83,71,12,0
14722,62,24,13,12,62,24,13,12
14723,512,400,59,0,499,400,59,0
14724,938,679,68,4,849,679,68,4
14726,615,284,63,12,545,284,63,12
14727,2460,1955,337,19,2396,1955,337,19
14728,355,275,0,0,301,275,0,0
14729,442,361,33,3,416,361,33,3
14731,663,499,44,3,632,499,44,3
14732,71,60,8,0,71,60,8,0
14733,1844,1475,209,10,1835,1475,209,10
14735,1041,760,151,8,1015,760,151,8
14736,102,89,0,0,94,89,0,0
14737,1772,1313,213,0,1692,1313,213,0
14738,1741,1505,146,0,1730,1505,146,0
14739,1005,725,194,9,968,725,194,9
14740,689,545,74,0,655,545,74,0
14741,951,789,114,0,903,789,114,0
14742,51,51,0,0,51,51,0,0
14743,698,611,70,1,684,611,70,1
14744,984,356,76,4,900,356,76,4
14747,1120,940,75,6,1048,940,75,6
14748,318,226,31,0,296,226,31,0
14750,2053,1798,107,6,1965,1798,107,6
14752,87,58,0,0,68,58,0,0
14753,433,357,60,0,424,357,60,0
14754,294,200,80,7,287,200,80,7
14755,1372,1072,191,10,1342,1072,191,10
14756,0,0,0,0,0,0,0,0
14757,1293,1045,108,2,1251,1045,108,2
14760,8460,6517,916,161,8292,6517,916,161
14767,889,557,154,13,804,557,154,13
14769,478,431,39,0,470,431,39,0
14770,1418,1287,111,2,1409,1287,111,2
14772,1675,1312,151,17,1536,1312,151,17
14774,86,47,24,0,78,47,24,0
14775,947,798,65,6,882,798,65,6
14777,265,212,34,4,254,212,34,4
14778,560,212,20,50,554,212,20,50
14779,2835,2047,425,7,2759,2047,425,7
14781,968,702,82,3,892,702,82,3
14782,1157,974,88,0,1118,974,88,0
14783,171,117,34,0,171,117,34,0
14784,350,320,7,0,335,320,7,0
14787,1947,1671,49,0,1844,1671,49,0
14788,27,27,0,0,27,27,0,0
14801,2270,1806,243,3,2173,1806,243,3
14802,2041,370,62,0,1836,370,62,0
14803,484,385,55,0,469,385,55,0
14804,627,533,59,5,623,533,59,5
14805,422,341,41,16,398,341,41,16
14806,945,815,77,0,919,815,77,0
14807,1286,1062,150,3,1256,1062,150,3
14808,275,239,18,0,271,239,18,0
14809,975,822,51,10,911,822,51,10
14810,5153,4131,438,65,4985,4131,438,65
14812,1510,1173,227,0,1445,1173,227,0
14813,975,802,112,6,952,802,112,6
14814,1113,1033,80,0,1113,1033,80,0
14815,421,350,50,3,409,350,50,3
14816,278,250,5,3,267,250,5,3
14817,1355,893,333,20,1266,893,333,20
14818,784,737,9,7,753,737,9,7
14819,281,235,29,0,278,235,29,0
14820,301,261,27,0,290,261,27,0
14821,1444,1198,126,0,1371,1198,126,0
14822,497,429,28,4,489,429,28,4
14823,1488,1152,247,20,1441,1152,247,20
14824,390,308,50,4,367,308,50,4
14825,476,448,23,5,476,448,23,5
14826,1019,811,106,3,964,811,106,3
14827,0,0,0,0,0,0,0,0
14830,9231,7541,832,55,8900,7541,832,55
14836,458,400,48,0,458,400,48,0
14837,2254,1577,352,23,2093,1577,352,23
14838,706,613,74,4,694,613,74,4
14839,312,244,31,0,304,244,31,0
14840,1330,1077,120,0,1265,1077,120,0
14841,528,413,96,0,528,413,96,0
14842,397,279,84,0,397,279,84,0
14843,5506,4176,570,72,5259,4176,570,72
14845,9955,8773,667,59,9762,8773,667,59
14846,295,208,50,5,276,208,50,5
14847,1124,810,148,35,1053,810,148,35
14850,30261,14494,3228,2766,28012,14494,3228,2766
14853,1143,185,69,19,923,185,69,19
14854,0,0,0,0,0,0,0,0
14855,335,282,8,0,313,282,8,0
14856,31,0,11,0,31,0,11,0
14858,639,565,26,0,609,565,26,0
14859,495,376,103,6,489,376,103,6
14860,419,304,84,0,405,304,84,0
14861,586,488,75,0,570,488,75,0
14864,575,500,41,0,553,500,41,0
14865,1032,903,69,6,1018,903,69,6
14867,2427,1767,379,25,2201,1767,379,25
14869,629,510,79,11,602,510,79,11
14870,4071,3303,506,2,3932,3303,506,2
14871,2151,1862,148,45,2108,1862,148,45
14872,332,327,0,0,332,327,0,0
14873,1075,795,110,13,994,795,110,13
14874,156,117,39,0,156,117,39,0
14877,226,147,44,0,210,147,44,0
14878,278,209,7,0,216,209,7,0
14879,1000,893,63,5,985,893,63,5
14880,697,601,46,3,689,601,46,3
14881,0,0,0,0,0,0,0,0
14882,2097,1688,151,25,1921,1688,151,25
14883,2471,1867,301,35,2337,1867,301,35
14884,122,102,6,0,117,102,6,0
14885,424,323,43,0,403,323,43,0
14886,3273,2318,403,167,3119,2318,403,167
14889,632,519,73,5,622,519,73,5
14891,2120,1702,143,40,2032,1702,143,40
14892,3417,2749,438,30,3344,2749,438,30
14893,6,6,0,0,6,6,0,0
14894,608,489,85,3,579,489,85,3
14895,3948,3098,445,52,3862,3098,445,52
14897,399,313,51,1,377,313,51,1
14898,718,477,90,0,689,477,90,0
14901,5128,3738,382,134,4930,3738,382,134
14903,3333,2681,281,103,3247,2681,281,103
14904,6870,5749,535,68,6747,5749,535,68
14905,4351,3490,197,214,4238,3490,197,214
